ProductId,Clicks,Impressions,Ctr
435574,0,3,0
573775,0,2,0
573802,0,2,0
610764,0,3,0
627724,0,3,0
736351,0,3,0
599734,0,1,0
427507,0,1,0
653012,0,1,0
752072,0,1,0
752059,0,1,0
745017,0,1,0
721085,0,1,0
730950,0,1,0
463922,0,1,0
749881,0,1,0
756619,0,2,0
677778,0,1,0
744658,0,1,0
482937,0,1,0
583007,0,1,0
443392,0,1,0
463919,0,1,0
596227,0,1,0
757345,0,2,0
738329,0,1,0
758807,0,2,0
15389,0,1,0
661041,0,1,0
596206,0,1,0
716349,0,2,0
657877,0,1,0
677334,0,1,0
603453,0,2,0
751335,0,1,0
765672,0,1,0
543745,0,1,0
650607,0,2,0
664789,0,1,0
641627,0,2,0
441568,0,1,0
744967,0,2,0
761934,0,2,0
678681,0,1,0
769187,0,1,0
755719,0,1,0
761212,0,2,0
762959,0,1,0
761342,0,1,0
763640,0,2,0
764108,0,2,0
761644,0,1,0
761798,0,2,0
725809,0,1,0
551530,0,2,0
103071,0,2,0
176420,0,1,0
705910,0,1,0
403937,0,1,0
452452,0,1,0
433326,0,1,0
762052,0,1,0
768346,0,2,0
484030,0,1,0
479529,0,1,0
406999,0,1,0
483315,0,1,0
437619,0,1,0
473931,0,1,0
761833,0,2,0
750066,0,1,0
628598,1,1,1
767015,0,1,0
71745,0,1,0
558558,0,1,0
558234,0,1,0
556356,0,2,0
556038,0,3,0
756575,0,1,0
555836,0,1,0
458856,0,1,0
601461,0,1,0
555666,0,1,0
554651,0,1,0
600670,0,1,0
599148,0,2,0
598642,0,1,0
597744,0,2,0
597006,0,1,0
596125,0,1,0
572581,0,1,0
595896,0,1,0
449149,0,3,0
445724,0,1,0
580653,0,2,0
445524,0,2,0
445507,0,2,0
445281,0,1,0
445229,0,2,0
445214,0,1,0
708450,0,1,0
445183,0,1,0
445095,0,2,0
445091,0,1,0
445084,0,1,0
445023,0,1,0
444967,0,2,0
444356,0,1,0
472580,0,2,0
438390,0,1,0
437062,0,1,0
433953,0,1,0
402222,0,4,0
350902,0,1,0
348094,0,1,0
709735,0,1,0
708624,0,1,0
707747,0,2,0
707376,0,1,0
706905,0,4,0
660206,0,1,0
706814,0,3,0
724114,0,2,0
723133,0,2,0
722087,0,1,0
602198,0,1,0
721501,0,2,0
727643,0,2,0
726579,0,3,0
725672,0,3,0
735583,0,3,0
733096,0,2,0
532422,0,1,0
732826,0,2,0
739107,0,1,0
741734,0,1,0
654071,0,1,0
732498,0,3,0
711715,0,2,0
710415,0,3,0
524649,0,1,0
715234,0,2,0
509734,0,1,0
715208,0,2,0
737228,0,2,0
729227,0,2,0
481693,0,1,0
498286,0,1,0
630894,0,2,0
763479,0,2,0
763466,0,2,0
338617,0,2,0
741188,0,2,0
566995,0,2,0
522300,0,1,0
697762,0,2,0
396303,0,2,0
601392,0,1,0
750064,0,2,0
521200,0,2,0
64503,0,2,0
517336,0,2,0
517331,0,2,0
734631,0,2,0
414228,0,2,0
579223,0,2,0
592155,0,2,0
396436,0,2,0
511401,0,1,0
425196,0,2,0
396659,0,2,0
575386,0,2,0
728520,0,1,0
642164,0,2,0
725960,0,5,0
567076,0,2,0
751058,0,2,0
614189,0,2,0
442725,0,2,0
596176,0,1,0
618847,0,2,0
462990,0,1,0
713670,1,1,1
592762,0,2,0
603988,0,2,0
518627,0,2,0
518510,0,2,0
595200,0,1,0
689419,0,1,0
364166,0,2,0
368666,0,2,0
71815,0,2,0
692329,0,2,0
747800,0,3,0
703786,0,2,0
498036,0,2,0
266013,0,2,0
98251,0,3,0
415073,0,2,0
689892,0,2,0
566708,0,2,0
731829,0,2,0
680516,0,2,0
523170,0,2,0
568097,0,2,0
586581,0,2,0
583393,0,1,0
590222,0,2,0
745127,0,2,0
589585,0,3,0
686750,0,1,0
620981,0,2,0
340546,0,2,0
574997,0,2,0
707326,0,2,0
755670,0,2,0
471259,0,2,0
481049,0,2,0
600839,0,1,0
416326,0,2,0
754526,0,2,0
707531,0,1,0
739584,0,2,0
764896,0,2,0
651884,0,1,0
758025,0,2,0
622391,0,1,0
416599,0,3,0
427028,0,2,0
681457,0,1,0
764810,0,2,0
765914,0,2,0
764683,0,2,0
766631,0,2,0
767125,0,2,0
540300,0,2,0
582680,0,2,0
592707,0,2,0
593135,0,2,0
584558,0,2,0
651104,0,2,0
691076,0,2,0
709887,0,2,0
764131,0,1,0
707799,0,2,0
730108,0,2,0
734989,0,2,0
766419,0,1,0
762119,0,1,0
692505,0,2,0
704364,0,2,0
660588,0,2,0
662531,0,2,0
749815,0,1,0
680026,0,1,0
666489,0,1,0
706763,0,2,0
603000,0,2,0
604924,0,2,0
571371,0,2,0
559705,0,2,0
586350,0,2,0
534272,0,2,0
525331,0,2,0
712968,0,1,0
743428,0,1,0
684596,0,1,0
482770,0,2,0
456544,0,2,0
621528,0,2,0
712997,0,2,0
731344,0,2,0
666444,0,2,0
682546,0,1,0
494443,0,2,0
767484,0,1,0
740870,0,2,0
722107,0,2,0
749179,0,2,0
730124,0,1,0
530802,0,2,0
531960,0,2,0
489213,0,2,0
691766,0,1,0
684586,0,1,0
578113,0,2,0
595643,0,2,0
690906,0,2,0
658748,0,2,0
759173,0,1,0
658827,0,2,0
715639,0,2,0
715920,0,2,0
714318,0,2,0
714706,1,3,0.3333333333333333
725542,0,2,0
332357,0,1,0
728529,0,2,0
733600,0,2,0
705217,0,2,0
477647,0,1,0
237170,0,1,0
611084,0,2,0
709679,0,2,0
720271,0,2,0
574957,0,2,0
653925,0,2,0
715059,0,2,0
578229,0,2,0
698221,0,2,0
711266,0,2,0
767380,0,2,0
600829,0,2,0
663377,0,2,0
654495,0,2,0
764193,0,2,0
767236,0,3,0
766340,0,3,0
568631,0,2,0
765803,0,1,0
698212,0,2,0
691832,0,2,0
719818,0,2,0
694651,0,2,0
739414,0,2,0
696355,0,2,0
670381,0,2,0
670597,0,2,0
655348,0,2,0
762130,0,2,0
762272,0,2,0
719226,0,1,0
676919,0,2,0
685506,0,2,0
679227,0,2,0
339168,0,2,0
748815,0,2,0
720091,0,1,0
712866,0,2,0
719460,0,2,0
737655,0,2,0
574211,0,3,0
738714,0,2,0
735812,0,2,0
747239,0,2,0
758828,0,5,0
759364,0,2,0
758772,0,2,0
738806,0,2,0
514137,0,1,0
671805,0,2,0
588295,0,2,0
567810,0,2,0
580033,0,1,0
565296,0,2,0
673651,0,2,0
590824,0,2,0
737218,0,2,0
516951,0,2,0
638856,0,2,0
572626,0,1,0
616616,0,4,0
679646,0,3,0
668608,1,2,0.5
748300,0,1,0
668573,0,3,0
747264,0,1,0
663575,0,2,0
662711,0,1,0
661213,0,1,0
720253,0,1,0
718821,0,2,0
685765,0,1,0
685079,0,2,0
683342,0,3,0
694928,0,1,0
694771,0,2,0
694729,0,2,0
692570,0,2,0
764159,0,1,0
742982,0,1,0
691823,0,4,0
746630,0,1,0
766921,0,1,0
761487,0,1,0
745830,0,1,0
745785,0,1,0
671981,0,1,0
668943,0,1,0
766750,0,1,0
767590,0,2,0
766912,0,2,0
759652,0,1,0
747464,0,1,0
747436,0,1,0
746750,0,1,0
745988,0,1,0
766128,0,1,0
758849,0,1,0
756450,0,1,0
763585,0,1,0
750850,1,1,1
747377,0,1,0
765339,0,1,0
762417,0,1,0
752433,0,1,0
768186,0,1,0
767210,0,1,0
765741,0,1,0
765538,0,1,0
765771,0,1,0
766992,0,1,0
754509,0,1,0
752597,0,1,0
748792,0,1,0
747056,0,1,0
750235,0,1,0
753387,0,1,0
753256,0,1,0
766544,0,1,0
768376,0,1,0
768228,0,1,0
767721,0,1,0
766100,0,1,0
765638,0,1,0
760363,0,1,0
760058,0,1,0
760002,0,1,0
750640,0,1,0
762121,0,1,0
767358,0,1,0
767315,0,1,0
765531,0,1,0
691787,0,2,0
701068,0,2,0
677327,0,2,0
659010,0,2,0
658731,0,2,0
656334,0,1,0
655283,0,3,0
653902,1,2,0.5
764224,0,2,0
691369,0,1,0
689496,0,2,0
689435,0,1,0
688574,0,2,0
682573,0,2,0
682399,0,2,0
764000,0,1,0
763796,0,1,0
753199,0,1,0
682380,0,2,0
682280,0,2,0
682273,0,2,0
682231,0,2,0
682068,0,1,0
681891,0,2,0
680736,0,2,0
550373,0,1,0
550121,0,2,0
550025,0,1,0
705674,0,3,0
546224,0,1,0
701895,0,2,0
610952,0,1,0
545872,0,3,0
609782,0,2,0
607737,0,2,0
630814,0,2,0
621575,0,2,0
620670,0,2,0
620249,0,2,0
545660,0,2,0
565221,0,2,0
618699,0,2,0
564563,0,3,0
647045,0,2,0
517496,0,1,0
480255,0,1,0
497114,0,2,0
497023,0,2,0
564483,0,3,0
489917,0,2,0
536654,0,1,0
552176,0,1,0
546584,0,1,0
526150,0,2,0
524173,0,2,0
321597,0,2,0
564325,0,4,0
313544,0,1,0
564105,0,4,0
297246,0,2,0
297160,0,2,0
282944,0,1,0
563548,0,4,0
250478,0,1,0
246066,0,2,0
168639,0,1,0
166151,0,2,0
735373,0,1,0
651039,0,1,0
753144,0,1,0
748760,0,2,0
753759,0,2,0
321090,0,2,0
534654,0,1,0
617375,0,1,0
562234,0,4,0
747193,0,1,0
589574,0,4,0
747213,0,2,0
540354,0,1,0
552265,0,1,0
556604,0,1,0
586077,0,4,0
579091,0,4,0
577961,0,3,0
576775,0,5,0
575860,0,5,0
570675,0,2,0
569149,0,2,0
600205,0,3,0
767920,0,1,0
734181,0,2,0
589063,0,1,0
502914,0,1,0
650127,0,1,0
653970,0,1,0
695360,0,1,0
736496,0,1,0
609168,0,2,0
598243,0,1,0
734055,0,1,0
698388,0,1,0
695647,0,1,0
717072,0,1,0
694160,0,1,0
402517,0,1,0
309677,0,2,0
683088,0,1,0
714458,0,1,0
679374,0,1,0
692883,0,1,0
618731,0,1,0
618723,0,1,0
618228,0,1,0
645076,0,1,0
645884,0,1,0
523165,0,1,0
509534,0,1,0
546159,0,1,0
559091,0,1,0
556140,0,1,0
566151,0,1,0
431103,0,1,0
424016,0,1,0
419576,0,1,0
203168,0,1,0
280107,0,1,0
708486,0,1,0
596553,0,1,0
593858,0,1,0
616245,0,1,0
465380,0,1,0
501051,0,1,0
484719,0,1,0
343079,0,1,0
339934,0,1,0
338493,0,2,0
389848,0,1,0
360350,0,1,0
320865,0,1,0
599422,0,1,0
694476,0,1,0
179385,0,3,0
179391,0,1,0
179408,0,1,0
179413,0,1,0
179406,0,1,0
175899,0,1,0
158960,0,1,0
160334,0,1,0
175858,0,1,0
169529,0,1,0
160506,0,1,0
172780,0,1,0
168777,0,1,0
171734,0,1,0
168562,0,1,0
168065,0,1,0
168133,0,1,0
166060,0,2,0
166653,0,1,0
167607,0,1,0
165890,0,1,0
163604,0,1,0
163745,0,1,0
167320,0,1,0
160342,0,1,0
158904,0,1,0
158896,0,1,0
135619,0,1,0
152412,0,1,0
158567,0,1,0
154807,0,1,0
152017,0,1,0
159033,0,1,0
151475,0,1,0
151483,0,1,0
150855,0,1,0
152496,0,1,0
150326,0,1,0
139964,0,1,0
145402,0,1,0
148832,0,1,0
146965,0,1,0
149778,0,1,0
145437,0,1,0
143055,0,1,0
144103,0,1,0
144397,0,1,0
129960,0,1,0
123790,0,1,0
138944,0,1,0
139186,0,1,0
135094,0,1,0
134325,0,1,0
133494,0,1,0
137088,0,1,0
133240,0,1,0
138321,0,1,0
135787,0,1,0
136126,0,1,0
137092,0,1,0
681718,0,3,0
681358,0,3,0
681280,0,3,0
680914,0,3,0
680899,0,3,0
679926,0,3,0
679724,0,3,0
568280,0,3,0
568199,0,4,0
568142,0,4,0
567603,0,4,0
303232,0,1,0
719287,0,1,0
748130,0,1,0
574249,0,3,0
572816,0,3,0
572151,0,3,0
571938,0,3,0
570431,0,3,0
715303,0,1,0
570303,0,3,0
569932,0,3,0
569769,0,3,0
569358,0,3,0
704872,0,1,0
694536,0,1,0
569340,0,3,0
568971,0,3,0
696423,0,1,0
568898,0,3,0
568759,0,3,0
561357,0,3,0
697232,0,1,0
559175,0,3,0
699892,0,1,0
558750,0,3,0
690734,0,1,0
683357,0,1,0
555003,0,3,0
554331,0,3,0
660666,0,1,0
598950,0,3,0
703403,0,1,0
511459,0,1,0
557520,0,2,0
736385,0,1,0
735815,0,1,0
624916,0,1,0
742563,0,1,0
589646,0,1,0
597672,0,3,0
596170,0,3,0
595619,0,3,0
448797,0,3,0
446035,0,3,0
441660,0,3,0
475017,0,1,0
474833,0,3,0
473786,0,3,0
471167,0,3,0
466590,0,3,0
455469,0,3,0
440137,0,3,0
428742,0,3,0
427095,0,3,0
426194,0,3,0
423088,0,4,0
422906,0,3,0
422597,0,3,0
421306,0,3,0
412283,0,3,0
411246,0,3,0
437665,0,3,0
437167,0,4,0
436992,0,3,0
435162,0,3,0
403196,0,3,0
400595,0,3,0
366194,0,3,0
356293,0,2,0
338867,0,3,0
336622,0,2,0
710018,0,3,0
713631,0,1,0
712060,0,1,0
709897,0,3,0
709714,0,3,0
747780,0,1,0
620652,0,1,0
708534,0,3,0
707927,0,3,0
706757,0,4,0
726575,0,4,0
726000,0,5,0
714094,0,1,0
725745,0,5,0
628231,0,2,0
628223,0,2,0
628197,0,3,0
628115,0,2,0
628044,0,2,0
750036,0,1,0
628040,0,2,0
748347,0,1,0
699619,0,1,0
627932,0,2,0
627833,0,2,0
627818,0,2,0
627727,0,2,0
627716,0,2,0
627690,0,2,0
627550,0,2,0
627540,0,2,0
627403,0,2,0
627399,0,2,0
627387,0,2,0
627348,0,2,0
627197,0,2,0
627195,0,2,0
627177,0,2,0
611897,0,1,0
627164,0,2,0
684749,0,1,0
627088,0,3,0
626969,0,2,0
583467,0,1,0
626466,0,2,0
626402,0,2,0
626375,0,2,0
731734,0,1,0
626356,0,7,0
620563,0,1,0
715625,0,1,0
626348,0,2,0
626319,0,2,0
626106,0,3,0
626101,0,2,0
523245,0,1,0
626093,0,2,0
625837,0,2,0
625811,0,2,0
625791,0,2,0
555930,0,1,0
556582,0,1,0
560811,0,1,0
625687,0,2,0
625677,0,2,0
625560,0,2,0
625551,0,2,0
625251,0,2,0
625181,0,2,0
625164,0,2,0
625113,0,2,0
624678,0,3,0
624587,0,2,0
562559,0,1,0
589533,0,2,0
589657,0,2,0
566007,0,2,0
570387,0,2,0
571603,0,2,0
571868,0,2,0
553737,0,2,0
603225,0,2,0
607300,0,2,0
595831,0,3,0
523435,0,2,0
525575,0,2,0
763292,1,0,
583261,0,2,0
691299,0,3,0
644988,0,3,0
689036,0,3,0
747450,0,3,0
647556,0,3,0
750695,0,3,0
583856,0,3,0
757303,0,3,0
586650,0,3,0
582614,0,3,0
570908,0,3,0
700854,0,3,0
688921,0,3,0
642160,0,3,0
755990,0,3,0
629764,0,3,0
528960,0,3,0
719588,0,3,0
601875,0,3,0
558979,0,3,0
588474,0,3,0
647634,1,3,0.3333333333333333
743166,0,3,0
724472,0,3,0
628190,0,3,0
712695,0,3,0
625669,0,3,0
761106,0,3,0
691364,0,3,0
758988,0,3,0
748539,0,3,0
747141,0,3,0
748174,0,3,0
759575,0,3,0
765346,0,3,0
757401,0,3,0
758914,0,3,0
759100,0,3,0
762076,0,3,0
757506,0,3,0
761204,0,3,0
759135,0,3,0
747796,0,3,0
757397,0,3,0
765189,0,3,0
767145,0,3,0
759776,0,3,0
761538,0,3,0
763402,0,3,0
762924,0,3,0
763044,0,5,0
746925,0,3,0
759978,0,3,0
765750,0,3,0
770097,0,5,0
723735,0,1,0
749401,0,1,0
670887,0,1,0
716946,0,1,0
620907,0,1,0
694273,0,1,0
615862,0,1,0
768011,0,1,0
769592,0,2,0
725082,0,1,0
698366,0,1,0
681282,0,1,0
593998,0,1,0
722221,0,1,0
650074,0,1,0
716406,0,1,0
713671,0,1,0
737696,0,1,0
725258,0,1,0
730097,0,1,0
735863,0,1,0
723853,0,1,0
749634,0,1,0
590397,0,1,0
750504,0,1,0
747725,0,1,0
649999,0,1,0
768453,0,3,0
746104,0,1,0
722409,0,1,0
621253,0,1,0
607865,0,1,0
651349,0,1,0
660117,0,1,0
672264,0,1,0
672198,0,1,0
592049,0,1,0
580856,0,1,0
742740,0,1,0
738393,0,1,0
742728,0,1,0
738147,0,1,0
725516,0,1,0
704432,0,1,0
704442,0,1,0
736382,0,1,0
721384,0,1,0
630599,0,1,0
710856,0,1,0
396994,0,1,0
677209,0,1,0
768207,0,1,0
689284,0,1,0
725493,0,1,0
542080,0,1,0
346651,0,1,0
531683,0,1,0
524536,0,1,0
534331,0,1,0
532571,0,1,0
672683,0,2,0
671259,0,2,0
671129,0,2,0
668401,0,2,0
667637,0,2,0
667624,0,2,0
717771,0,1,0
686732,0,1,0
692839,0,1,0
678488,0,2,0
677143,0,1,0
675509,0,1,0
658553,0,1,0
658468,0,1,0
687272,0,1,0
687153,0,1,0
679839,0,1,0
678798,0,1,0
567350,0,1,0
567333,0,2,0
565077,0,1,0
590018,0,3,0
589787,0,2,0
586694,0,2,0
585813,0,1,0
585415,0,2,0
584320,0,1,0
580266,0,3,0
594383,0,3,0
594126,0,3,0
594098,0,4,0
590924,0,2,0
579233,0,2,0
576770,0,2,0
576403,0,2,0
575283,0,4,0
574749,0,3,0
569026,0,1,0
558036,0,1,0
556346,0,1,0
597578,0,1,0
595820,0,1,0
595604,0,1,0
595278,0,3,0
449433,0,4,0
440889,0,4,0
467918,0,2,0
418838,0,3,0
309032,0,2,0
295261,0,2,0
150118,0,2,0
236154,0,2,0
313875,0,1,0
302638,0,1,0
307614,0,2,0
271292,0,2,0
294975,0,1,0
321581,0,2,0
305865,0,1,0
280303,0,1,0
252319,0,1,0
307105,0,2,0
236326,0,2,0
232023,0,2,0
255028,0,1,0
263356,0,1,0
321321,0,1,0
201548,0,2,0
250626,0,2,0
245996,0,1,0
344299,0,1,0
377952,0,1,0
378330,0,1,0
392981,0,2,0
625597,0,3,0
623462,0,3,0
767425,0,6,0
770359,0,6,0
769889,0,6,0
767866,0,2,0
765907,0,4,0
768705,0,3,0
765853,0,5,0
770424,0,4,0
769395,0,4,0
769085,0,4,0
767740,0,5,0
764696,0,4,0
769968,0,2,0
769799,1,3,0.3333333333333333
769529,0,2,0
768704,0,3,0
768480,0,3,0
769985,0,2,0
769941,0,2,0
768948,0,2,0
768061,0,3,0
767432,0,2,0
769408,0,2,0
768769,0,2,0
768726,0,2,0
767565,0,2,0
768549,0,1,0
769425,0,1,0
769405,0,1,0
766085,0,1,0
767532,0,1,0
767680,0,1,0
767640,0,1,0
770092,0,1,0
768723,0,1,0
768481,0,2,0
767900,0,2,0
767401,0,1,0
766779,0,2,0
765421,0,1,0
766945,0,1,0
766391,0,1,0
765474,0,1,0
766456,0,1,0
768249,0,1,0
765310,0,1,0
768013,0,1,0
765506,0,1,0
766273,0,1,0
768358,0,1,0
766083,0,1,0
765831,0,1,0
768495,0,1,0
768440,0,1,0
766799,0,1,0
765491,0,1,0
742253,0,1,0
766910,0,1,0
766309,0,1,0
765459,0,1,0
691814,0,1,0
700339,0,3,0
686583,0,2,0
728075,0,3,0
684655,0,3,0
684840,0,3,0
608473,0,2,0
531155,0,3,0
602202,0,2,0
643985,0,4,0
581306,0,2,0
629150,0,2,0
629248,0,2,0
730949,0,2,0
736003,0,2,0
616885,0,2,0
739481,0,2,0
591577,0,2,0
736918,0,2,0
710662,1,1,1
760471,1,1,1
706682,0,1,0
753787,0,1,0
257315,0,2,0
537207,1,0,
563354,0,4,0
562522,0,5,0
545048,1,1,1
759378,1,0,
752034,0,1,0
769623,0,1,0
769403,0,1,0
590275,0,4,0
767208,0,2,0
590213,0,4,0
589212,0,3,0
767036,0,1,0
589199,0,4,0
768778,0,1,0
768747,0,1,0
589096,0,4,0
588519,0,4,0
767646,0,1,0
766187,0,1,0
769366,0,1,0
768284,0,1,0
767845,0,2,0
769741,0,1,0
768002,0,1,0
586307,0,4,0
585834,0,4,0
584975,0,4,0
583951,0,3,0
583678,0,5,0
583490,0,4,0
581839,0,4,0
580988,0,4,0
580913,0,4,0
580223,0,4,0
580027,0,4,0
579987,0,5,0
594910,1,5,0.2
594835,0,4,0
593767,0,5,0
593408,0,5,0
593336,0,5,0
593261,0,5,0
593205,0,4,0
590868,0,3,0
590617,0,3,0
579476,0,3,0
579206,0,3,0
578977,0,3,0
578778,0,3,0
578297,0,4,0
577663,0,4,0
577651,0,3,0
577587,0,4,0
577530,0,4,0
577358,0,4,0
577257,0,5,0
576177,0,4,0
575371,0,7,0
575267,0,6,0
575229,0,6,0
604477,0,8,0
604118,0,6,0
602673,0,4,0
600927,0,4,0
574353,0,4,0
450787,0,2,0
439281,0,3,0
421810,0,3,0
447286,0,2,0
443716,0,2,0
393993,0,2,0
419047,0,3,0
411887,0,3,0
332557,0,2,0
328795,0,2,0
299609,0,3,0
292116,0,3,0
258619,0,3,0
222374,0,5,0
210955,0,3,0
464052,0,2,0
401785,0,2,0
268420,0,2,0
614346,0,2,0
691127,0,2,0
591934,0,2,0
711277,0,2,0
739565,0,2,0
641855,0,2,0
667449,0,2,0
672590,0,2,0
506163,0,2,0
614286,0,2,0
577876,0,4,0
578713,0,3,0
579470,0,4,0
581433,0,4,0
581856,0,4,0
584227,0,4,0
587450,0,4,0
593991,0,5,0
598161,0,3,0
603482,0,3,0
608798,0,3,0
611648,0,3,0
553358,0,2,0
561194,0,2,0
561566,0,2,0
564286,0,3,0
564435,0,4,0
565024,0,4,0
570031,0,3,0
572947,0,4,0
575688,0,4,0
575737,0,5,0
575864,0,3,0
538582,0,2,0
539769,0,2,0
541038,0,2,0
541201,1,2,0.5
542214,0,2,0
625290,0,2,0
629388,0,2,0
629720,0,4,0
630882,0,2,0
760443,0,1,0
763017,0,1,0
743537,0,1,0
743646,0,1,0
743568,0,1,0
733706,0,1,0
765118,0,1,0
763907,0,5,0
763704,0,1,0
762266,0,1,0
763833,0,1,0
747583,0,1,0
624521,0,2,0
624498,0,2,0
624301,0,2,0
624223,0,2,0
624187,0,2,0
624127,0,2,0
761228,0,1,0
624096,0,2,0
623860,0,2,0
747812,0,1,0
747174,0,1,0
623821,0,2,0
623681,0,2,0
623644,0,8,0
623619,0,3,0
623204,0,2,0
253409,0,1,0
749694,0,1,0
257193,0,1,0
249016,0,1,0
249237,0,1,0
252856,0,1,0
249410,0,1,0
252314,0,1,0
251104,0,1,0
247705,0,1,0
249078,0,1,0
239899,0,1,0
762135,0,1,0
754821,0,1,0
761872,0,1,0
764024,0,1,0
743493,0,1,0
743013,0,1,0
760240,0,1,0
762548,0,1,0
751888,0,1,0
758676,0,1,0
720532,0,1,0
761994,0,1,0
761789,0,1,0
762592,0,1,0
763628,0,1,0
756900,0,1,0
757761,0,1,0
765128,0,1,0
763779,0,1,0
757677,0,1,0
672322,0,1,0
764865,0,1,0
764610,0,1,0
763745,0,1,0
762609,0,1,0
762562,0,1,0
687506,0,1,0
762067,0,1,0
753677,0,1,0
749321,0,1,0
747020,0,1,0
753090,0,1,0
762664,0,1,0
765126,0,1,0
763738,0,4,0
762730,0,5,0
764188,0,1,0
761893,0,1,0
762622,0,1,0
765088,0,1,0
764807,0,1,0
704046,2,0,Infinity
769180,0,4,0
768337,0,4,0
769747,0,4,0
767688,0,3,0
771874,0,4,0
770213,0,4,0
769708,0,5,0
769402,0,3,0
768674,0,5,0
767630,0,3,0
768766,0,3,0
769115,0,4,0
765874,2,4,0.5
764950,0,4,0
763695,0,3,0
769169,0,4,0
769813,0,4,0
769806,0,3,0
761047,0,5,0
769803,0,3,0
767626,0,3,0
766506,0,4,0
765473,0,3,0
761486,0,4,0
760967,0,3,0
769899,0,3,0
761167,0,3,0
767941,2,3,0.6666666666666666
746808,0,3,0
745651,0,3,0
770036,0,5,0
768185,0,5,0
765956,0,3,0
748855,0,3,0
767915,0,4,0
768917,0,5,0
767655,0,4,0
769843,0,4,0
768995,0,3,0
748529,0,3,0
764068,0,4,0
766293,0,4,0
754188,0,3,0
769586,0,4,0
769017,0,5,0
768583,0,3,0
768568,0,3,0
760328,0,4,0
752412,0,3,0
770013,0,5,0
767287,0,3,0
758558,0,3,0
758359,0,3,0
750476,0,4,0
766835,0,3,0
597563,0,3,0
596062,0,3,0
439784,0,3,0
438382,0,3,0
437785,0,3,0
435592,0,3,0
432211,0,2,0
432159,0,3,0
431206,0,2,0
447037,0,3,0
445604,0,3,0
442093,0,3,0
452104,0,3,0
414566,0,4,0
413609,0,3,0
421263,0,3,0
421160,0,3,0
402387,0,3,0
399503,0,1,0
723356,0,3,0
722480,0,3,0
728081,0,3,0
726450,0,4,0
726139,0,4,0
725367,0,4,0
710561,0,4,0
716426,0,4,0
738083,0,2,0
704569,0,2,0
729347,0,1,0
653151,0,2,0
652527,0,2,0
651442,0,2,0
651299,0,2,0
649790,0,2,0
649326,0,2,0
648312,0,2,0
647271,0,2,0
643344,0,2,0
628495,0,2,0
642043,0,2,0
640685,0,2,0
631547,0,2,0
630564,0,2,0
621792,0,2,0
619694,0,1,0
617690,0,1,0
603794,0,2,0
601764,0,2,0
519586,0,1,0
518074,0,1,0
516102,0,1,0
486321,0,1,0
479511,0,1,0
505578,0,3,0
651430,0,1,0
721799,0,1,0
717581,0,1,0
701788,0,1,0
657753,0,1,0
599779,0,1,0
751466,0,1,0
712378,0,1,0
713683,0,1,0
701212,0,1,0
763988,0,1,0
677931,0,1,0
732289,0,1,0
649880,0,1,0
740818,0,1,0
740181,0,1,0
719615,0,1,0
713312,0,1,0
763083,0,6,0
753060,0,1,0
719701,0,1,0
575466,0,1,0
588627,0,1,0
610810,0,1,0
610850,0,1,0
588177,0,1,0
593536,0,1,0
610868,0,1,0
429028,0,1,0
432085,0,1,0
449193,0,1,0
450763,0,1,0
695934,0,1,0
433847,0,1,0
522921,0,1,0
531094,0,1,0
532037,0,1,0
526543,0,1,0
529181,0,1,0
504468,0,1,0
510682,0,1,0
496647,0,1,0
752478,0,1,0
482441,0,1,0
510750,0,1,0
714933,0,1,0
731549,0,1,0
731800,0,1,0
695298,0,1,0
723656,0,1,0
678217,1,1,1
680064,0,1,0
680823,0,1,0
675769,0,1,0
390807,0,1,0
701132,0,1,0
691251,0,1,0
683752,0,1,0
624155,0,1,0
737181,0,1,0
691971,0,1,0
756130,0,1,0
710814,0,1,0
725611,0,1,0
755638,0,1,0
663226,0,1,0
745453,0,1,0
745404,0,1,0
757636,0,1,0
740203,0,1,0
731311,0,1,0
764833,0,1,0
728289,0,1,0
762036,0,1,0
762809,0,1,0
752342,0,1,0
687744,0,1,0
681613,0,1,0
649298,0,1,0
620890,0,1,0
721867,0,1,0
741888,0,1,0
710413,0,1,0
665554,0,1,0
764654,0,1,0
734286,0,1,0
767043,0,1,0
707196,0,1,0
765480,0,1,0
768293,0,2,0
766192,0,6,0
729653,0,1,0
642238,0,1,0
663303,0,1,0
725665,0,1,0
713253,0,1,0
712313,0,1,0
350951,0,1,0
384517,0,1,0
323017,0,2,0
307951,0,2,0
288384,0,1,0
290271,0,2,0
525994,0,1,0
443361,0,1,0
432235,0,1,0
389238,0,1,0
366868,0,1,0
377542,0,1,0
369884,0,1,0
378326,0,1,0
386673,0,1,0
373079,0,1,0
393113,0,1,0
377630,0,1,0
350568,0,1,0
342141,0,1,0
346987,0,1,0
347946,0,1,0
378269,0,1,0
372947,0,1,0
391281,0,1,0
388792,0,1,0
373361,0,1,0
367057,0,1,0
383610,0,1,0
379424,0,1,0
343924,0,1,0
339930,0,1,0
357493,0,1,0
391356,0,1,0
772313,1,2,0.5
512941,0,1,0
708767,0,1,0
730621,0,1,0
744907,0,1,0
737284,0,1,0
753986,0,2,0
734003,0,2,0
744253,0,1,0
738481,0,2,0
751176,0,1,0
749112,0,1,0
741498,0,1,0
731424,0,1,0
661399,0,1,0
619604,0,1,0
611793,0,3,0
608249,0,2,0
612108,0,1,0
641336,0,1,0
639416,0,1,0
494427,0,1,0
535756,0,1,0
712822,0,1,0
604428,0,1,0
593868,0,1,0
593595,0,1,0
599503,0,2,0
597879,0,2,0
566546,0,1,0
586987,0,1,0
581265,0,1,0
422588,0,1,0
377693,0,1,0
675988,0,1,0
750827,0,1,0
748327,0,1,0
741515,0,1,0
740886,0,1,0
734963,0,5,0
680725,1,0,
741496,0,3,0
752232,0,3,0
694346,0,3,0
695659,0,3,0
697517,0,3,0
731881,0,3,0
620345,0,3,0
608716,0,4,0
669375,0,3,0
671782,0,3,0
686789,0,4,0
652417,0,4,0
511406,0,4,0
528720,0,4,0
529657,0,4,0
564658,0,4,0
566697,0,4,0
697984,0,4,0
623279,0,4,0
690781,0,4,0
717326,0,4,0
398946,0,4,0
694150,0,4,0
531877,0,4,0
598969,0,4,0
746713,0,4,0
682982,0,4,0
735843,0,4,0
572976,0,4,0
715942,0,4,0
628908,0,4,0
558714,0,4,0
696674,0,4,0
584280,0,3,0
552761,0,3,0
578025,0,3,0
591617,0,3,0
524043,0,3,0
657229,0,3,0
671260,0,3,0
714547,0,4,0
709914,0,3,0
723334,0,3,0
725492,0,3,0
721725,0,3,0
733856,0,3,0
730708,0,3,0
736916,0,3,0
745295,0,3,0
747612,0,3,0
752339,0,3,0
643240,0,3,0
703576,0,3,0
586683,0,3,0
581059,0,3,0
606039,0,3,0
620226,0,3,0
494564,0,3,0
658395,0,3,0
666363,0,3,0
727601,0,1,0
730023,0,1,0
622413,0,2,0
644055,0,1,0
389276,0,1,0
729371,0,2,0
766989,0,2,0
766884,0,1,0
741811,0,1,0
730114,0,5,0
687509,0,2,0
730607,0,2,0
729855,0,1,0
473637,0,1,0
761973,0,1,0
434958,0,1,0
733851,0,1,0
702956,0,1,0
733789,0,1,0
737244,0,1,0
733504,0,1,0
739395,0,1,0
766752,0,2,0
731450,0,1,0
735123,0,2,0
682735,0,3,0
682756,0,3,0
621897,1,4,0.25
684090,0,2,0
684127,0,3,0
684689,0,1,0
684743,0,1,0
684785,0,3,0
684796,0,3,0
684895,0,1,0
684898,0,3,0
733407,0,3,0
608886,0,2,0
710605,0,3,0
672158,0,3,0
610027,0,3,0
553018,0,3,0
684200,0,3,0
722139,0,1,0
709393,0,1,0
574597,0,3,0
510100,0,3,0
699085,0,2,0
593911,0,5,0
689873,0,4,0
701954,0,3,0
696892,0,2,0
708752,0,2,0
708947,0,2,0
543187,0,2,0
519520,0,3,0
579820,0,4,0
582330,0,4,0
682636,0,3,0
682771,0,3,0
682854,0,3,0
684101,0,3,0
684438,0,3,0
684458,0,1,0
684665,0,3,0
684770,0,3,0
684777,0,2,0
684811,0,2,0
684913,0,3,0
714615,0,3,0
396102,0,4,0
727682,0,3,0
692293,0,3,0
739781,0,4,0
738094,0,1,0
712158,0,1,0
710946,0,2,0
717605,0,1,0
610414,0,1,0
592443,0,1,0
592101,0,1,0
418786,0,1,0
749160,0,1,0
652379,0,1,0
746112,0,1,0
747301,0,1,0
751268,0,1,0
747433,0,1,0
561103,0,1,0
747366,0,1,0
593908,0,1,0
529243,0,1,0
744330,0,1,0
746024,0,1,0
734040,0,1,0
723660,0,2,0
749702,0,1,0
746226,0,1,0
732507,0,1,0
728491,0,1,0
515473,0,1,0
648787,0,1,0
733497,0,1,0
731468,0,1,0
757283,0,1,0
611441,0,5,0
668796,0,1,0
668666,0,1,0
531357,0,1,0
540269,0,4,0
539322,0,4,0
377653,0,1,0
751143,0,1,0
737303,0,2,0
626364,0,1,0
748472,0,1,0
625525,0,1,0
729986,0,2,0
568257,0,1,0
749583,0,1,0
622629,0,1,0
622596,0,1,0
733308,0,1,0
652049,0,1,0
746968,0,1,0
743958,0,2,0
651065,0,1,0
644744,0,1,0
461993,0,1,0
720690,0,1,0
718708,0,1,0
672347,0,1,0
701238,0,1,0
698424,0,1,0
696744,0,1,0
683243,0,1,0
655324,0,1,0
701091,0,1,0
739830,0,1,0
740482,0,1,0
498937,0,1,0
502439,0,1,0
502795,0,1,0
508914,0,1,0
561638,0,1,0
563045,0,1,0
523352,0,1,0
549403,0,1,0
520868,0,1,0
464637,0,1,0
577253,0,1,0
579674,0,1,0
580093,0,1,0
582155,0,1,0
566782,0,1,0
570915,0,1,0
586152,0,1,0
673540,0,1,0
673599,0,1,0
675672,0,1,0
681003,0,1,0
681160,0,1,0
687426,0,1,0
664251,0,1,0
667233,0,1,0
654686,0,1,0
745099,0,1,0
617478,0,1,0
705424,0,1,0
704685,0,1,0
701501,0,1,0
741445,0,1,0
756467,0,1,0
751432,0,1,0
480278,0,1,0
754653,0,1,0
744598,0,1,0
760622,0,1,0
763176,0,1,0
766830,0,1,0
767752,0,1,0
763773,0,1,0
765212,0,1,0
763351,0,1,0
767057,0,8,0
763547,0,4,0
726462,0,1,0
627006,0,2,0
684167,0,1,0
684182,0,1,0
684251,0,1,0
684681,0,1,0
538186,0,1,0
572231,0,1,0
682670,0,1,0
682750,0,1,0
742845,0,1,0
682797,0,1,0
527316,0,1,0
533685,0,1,0
604419,0,2,0
580938,0,1,0
742856,0,1,0
551046,0,1,0
759336,0,1,0
767049,0,1,0
718421,0,1,0
766556,0,1,0
570611,0,1,0
735837,0,1,0
715465,0,1,0
676880,0,1,0
712087,0,1,0
723940,0,1,0
578127,0,1,0
712051,1,2,0.5
728174,0,1,0
747181,0,1,0
747963,0,1,0
528106,0,2,0
744898,0,1,0
727575,0,1,0
665868,0,1,0
661658,0,1,0
569593,0,1,0
732199,0,1,0
644614,0,1,0
602377,0,1,0
732203,0,1,0
697155,0,1,0
756879,0,1,0
707994,0,1,0
749252,0,1,0
730467,0,1,0
681063,0,1,0
695972,0,1,0
729244,0,1,0
728766,0,1,0
687713,0,1,0
734764,0,1,0
689314,0,1,0
630716,0,1,0
688259,0,1,0
523937,0,1,0
646612,0,1,0
693853,0,1,0
587876,0,1,0
754749,0,1,0
564330,0,2,0
520812,0,2,0
521683,0,5,0
567460,0,3,0
573652,0,3,0
539725,0,2,0
541013,0,2,0
542353,0,3,0
542641,0,2,0
544393,0,2,0
622143,0,2,0
622350,0,3,0
626085,0,2,0
630941,0,2,0
631235,0,2,0
639708,0,4,0
647269,0,2,0
647600,0,2,0
647663,0,2,0
654292,0,2,0
658391,0,2,0
659429,0,1,0
661282,0,1,0
663558,0,1,0
664712,0,1,0
668649,0,1,0
674053,0,1,0
675354,0,1,0
678110,0,1,0
680178,0,1,0
681709,0,1,0
687407,0,4,0
692562,0,1,0
693804,0,1,0
695204,0,1,0
695428,0,1,0
715344,0,1,0
679233,0,1,0
766348,0,1,0
715419,0,1,0
759728,0,1,0
759393,0,1,0
766982,0,1,0
767032,0,1,0
717955,0,1,0
697690,0,1,0
701770,0,1,0
704434,0,1,0
705476,0,1,0
705681,0,1,0
708969,0,1,0
709087,0,1,0
710108,0,1,0
710906,0,1,0
715523,0,1,0
716886,0,3,0
718790,0,1,0
719417,0,1,0
719511,0,1,0
720292,0,1,0
720656,0,1,0
722080,0,1,0
722853,0,1,0
722886,0,1,0
724440,0,1,0
724451,0,1,0
729163,0,1,0
730702,0,1,0
737884,0,3,0
744745,0,1,0
738801,0,1,0
718145,0,1,0
759181,0,1,0
738190,0,1,0
733109,0,1,0
755418,0,1,0
748466,0,1,0
729961,0,1,0
732012,0,1,0
729612,0,1,0
757710,0,1,0
761261,0,1,0
765007,0,1,0
769473,1,6,0.16666666666666666
760292,0,1,0
731752,0,1,0
740606,0,1,0
637099,0,3,0
580748,0,1,0
759229,0,1,0
729278,0,1,0
750534,0,1,0
764697,0,1,0
768142,0,1,0
752286,0,1,0
757901,0,2,0
746614,0,1,0
730940,0,1,0
729819,0,1,0
740312,0,1,0
742602,0,1,0
720921,0,1,0
732014,0,1,0
751211,0,1,0
761771,0,1,0
751237,0,1,0
687669,0,1,0
484595,0,1,0
725640,0,1,0
403658,0,3,0
433883,0,2,0
407475,0,2,0
412481,0,2,0
425717,0,2,0
424998,0,2,0
425623,0,2,0
413164,0,2,0
429180,0,2,0
427439,0,2,0
423392,0,2,0
423301,0,2,0
428561,0,2,0
418265,0,2,0
398413,0,2,0
419549,0,2,0
413810,0,2,0
406849,0,2,0
418025,0,2,0
400340,0,2,0
414495,0,2,0
45142,0,2,0
541048,0,2,0
558669,0,2,0
498883,0,2,0
481009,0,2,0
520321,0,2,0
520042,0,2,0
517319,0,2,0
514051,0,2,0
497966,0,2,0
488895,0,2,0
483154,0,2,0
486227,0,2,0
518635,0,2,0
487823,0,2,0
507779,0,2,0
493795,0,2,0
517618,0,2,0
406807,0,2,0
414382,0,2,0
416866,0,2,0
610884,0,2,0
609435,0,2,0
541132,0,2,0
609618,0,2,0
610767,0,2,0
615545,0,2,0
617163,0,2,0
621006,0,2,0
435635,0,2,0
448480,0,3,0
467583,0,3,0
475599,0,2,0
468982,0,2,0
434636,0,2,0
450528,0,2,0
746863,0,5,0
746852,0,5,0
768862,0,5,0
755537,0,6,0
771639,0,6,0
762329,0,7,0
769679,0,3,0
768976,0,6,0
769190,0,6,0
769276,0,6,0
770398,0,6,0
701912,0,2,0
662456,0,1,0
755839,0,1,0
755353,0,1,0
762554,0,4,0
722003,0,1,0
726609,0,1,0
735528,0,1,0
685954,0,1,0
762507,0,3,0
655235,0,1,0
611079,0,2,0
611636,0,2,0
523498,0,1,0
523837,0,1,0
570228,0,2,0
574087,0,2,0
539634,0,1,0
622303,0,1,0
645523,0,1,0
656379,0,1,0
659424,0,1,0
670283,0,1,0
677620,0,1,0
677878,0,1,0
689337,0,1,0
692996,0,1,0
701475,0,1,0
709748,0,1,0
719366,0,1,0
727706,0,1,0
731120,0,1,0
734988,0,1,0
740524,0,1,0
741138,0,1,0
743460,0,1,0
746270,0,1,0
747210,0,1,0
752025,0,1,0
753107,0,1,0
754279,0,1,0
763528,0,1,0
575175,0,2,0
583141,0,3,0
589233,0,3,0
597877,0,3,0
750707,0,4,0
724505,0,1,0
753451,0,1,0
750911,0,1,0
713818,0,1,0
762764,0,4,0
760966,0,2,0
640396,0,1,0
752562,0,1,0
645135,0,1,0
685611,0,1,0
708868,0,1,0
696823,0,1,0
747137,0,2,0
345653,0,1,0
372133,0,1,0
376176,0,1,0
378237,0,1,0
383451,0,1,0
291681,0,1,0
701166,0,1,0
670731,0,1,0
621612,0,2,0
670688,0,1,0
753785,0,1,0
411333,0,1,0
754260,0,1,0
719220,0,1,0
733455,0,1,0
646648,0,1,0
586456,0,1,0
744755,0,1,0
413300,0,1,0
684224,0,1,0
533586,0,1,0
738468,0,1,0
735942,1,0,
734312,0,7,0
733898,1,6,0.16666666666666666
733870,0,6,0
733585,0,7,0
733286,0,6,0
713477,0,5,0
712795,0,5,0
712472,0,5,0
711309,0,6,0
710687,0,8,0
710526,0,7,0
716921,0,7,0
714429,0,6,0
738655,0,6,0
737442,0,6,0
736506,0,6,0
731866,0,7,0
731623,0,6,0
731356,0,6,0
729554,0,5,0
611236,0,5,0
611133,0,5,0
609710,0,6,0
609131,0,6,0
608483,1,7,0.14285714285714285
608335,0,7,0
607395,0,6,0
606474,0,6,0
605948,0,6,0
652578,0,7,0
651408,0,6,0
650484,0,6,0
650102,0,6,0
648640,0,6,0
617248,0,7,0
617021,0,6,0
615656,0,7,0
613132,0,7,0
612081,0,6,0
645626,0,6,0
645319,0,6,0
644536,0,6,0
644276,0,6,0
622992,0,6,0
640732,0,6,0
630074,0,6,0
628742,0,6,0
621627,0,7,0
621086,0,6,0
620724,0,5,0
619111,0,5,0
618750,0,6,0
618427,0,5,0
618341,0,5,0
618310,0,5,0
617721,0,6,0
617413,0,6,0
711128,0,2,0
711120,0,2,0
711042,0,2,0
710982,0,3,0
710977,0,2,0
710934,0,2,0
710932,0,2,0
710924,0,2,0
710915,0,2,0
710845,0,2,0
710830,0,2,0
710815,0,2,0
710796,0,2,0
710548,0,2,0
710443,0,2,0
717333,0,2,0
717186,0,2,0
717144,0,2,0
717002,0,2,0
716936,0,2,0
716905,0,2,0
716869,0,2,0
716778,0,2,0
716696,0,2,0
716653,0,2,0
716649,0,2,0
716588,0,2,0
716585,0,2,0
716578,0,2,0
716537,0,2,0
716294,0,2,0
716288,0,2,0
716274,0,2,0
716255,0,2,0
716236,0,2,0
716054,0,2,0
715808,0,2,0
715684,0,2,0
715633,0,2,0
715609,0,1,0
715511,0,1,0
715436,0,1,0
715266,0,1,0
715190,0,1,0
715172,0,1,0
715167,0,1,0
715100,0,1,0
714989,0,1,0
714677,0,1,0
714551,0,1,0
714525,0,1,0
714485,0,1,0
366726,0,1,0
350170,0,1,0
382173,0,1,0
381861,0,1,0
393115,0,1,0
339830,0,1,0
373055,0,1,0
323046,0,1,0
387260,0,1,0
331387,0,1,0
387330,0,1,0
358708,0,1,0
600165,0,1,0
593781,0,1,0
600095,0,1,0
599777,0,1,0
599342,0,1,0
539369,0,1,0
579952,0,2,0
574842,0,2,0
567145,0,2,0
598905,0,2,0
557810,0,3,0
597903,0,2,0
597887,0,2,0
598902,0,2,0
598867,0,3,0
598523,0,1,0
597251,0,1,0
597297,0,2,0
593180,0,2,0
598571,0,1,0
597395,0,2,0
588335,0,1,0
598499,0,2,0
593732,0,1,0
597382,0,5,0
595730,0,3,0
594219,0,1,0
595319,0,3,0
596477,0,1,0
595947,0,1,0
596453,0,2,0
595937,0,3,0
595931,0,1,0
595738,0,2,0
595557,0,2,0
593545,0,1,0
594122,0,1,0
575159,0,2,0
595788,0,4,0
594920,0,1,0
593221,0,1,0
594487,0,2,0
594541,0,2,0
593629,0,1,0
591583,0,1,0
590864,0,1,0
591701,0,2,0
593497,0,1,0
593045,0,1,0
593365,0,2,0
591174,0,8,0
590778,0,3,0
591605,0,3,0
592918,0,1,0
592106,0,2,0
591888,0,1,0
714482,0,1,0
714465,0,1,0
354017,0,1,0
327097,0,1,0
371790,0,1,0
360333,0,1,0
377057,0,1,0
340564,0,1,0
378856,0,1,0
373391,0,1,0
325753,0,1,0
338435,0,1,0
204789,0,1,0
429205,0,1,0
397512,0,1,0
430631,0,1,0
425708,0,1,0
430977,0,1,0
398234,0,1,0
430663,0,1,0
424366,0,1,0
552765,0,1,0
593712,0,1,0
308007,0,1,0
501039,0,1,0
383255,0,2,0
356794,0,2,0
653054,0,1,0
750944,0,1,0
736744,0,1,0
443464,0,1,0
445382,0,1,0
461795,0,1,0
457432,0,1,0
463428,0,1,0
447377,0,1,0
435464,0,1,0
447572,0,1,0
459462,0,1,0
465049,0,1,0
403523,0,1,0
421245,0,1,0
414140,0,1,0
409020,0,1,0
393330,0,1,0
413741,0,1,0
411394,0,1,0
561306,0,1,0
760802,0,1,0
664512,0,1,0
721561,0,1,0
763852,0,1,0
612662,0,2,0
661355,0,1,0
601499,0,1,0
738273,0,1,0
429052,0,1,0
600951,0,1,0
693557,0,1,0
550142,0,2,0
654725,0,1,0
714007,0,1,0
738497,0,1,0
553470,0,1,0
727570,0,1,0
563916,0,1,0
733392,0,1,0
760154,0,1,0
719503,0,1,0
554871,0,1,0
691743,0,1,0
654355,0,1,0
723863,0,1,0
606308,0,1,0
746153,0,1,0
754974,0,1,0
491677,0,1,0
737288,0,1,0
754837,0,1,0
485186,0,1,0
702077,0,1,0
640220,0,1,0
614400,0,1,0
622632,0,1,0
683464,0,1,0
664582,0,1,0
560093,0,1,0
547727,0,1,0
257569,0,1,0
250123,0,1,0
132758,0,1,0
754990,0,1,0
572177,0,1,0
568367,0,1,0
663177,0,1,0
663235,0,1,0
676358,0,1,0
686851,0,1,0
696001,0,1,0
696752,0,1,0
712538,0,1,0
502675,0,1,0
516124,0,1,0
436423,0,1,0
436445,0,1,0
436950,0,1,0
606779,0,2,0
558932,0,1,0
562994,0,1,0
451099,0,1,0
574660,0,3,0
576311,0,3,0
541019,0,1,0
619934,0,1,0
623034,0,1,0
626569,0,1,0
642623,0,1,0
171456,0,1,0
132034,0,1,0
283982,0,1,0
435111,0,2,0
449475,0,1,0
441304,0,1,0
475760,0,1,0
474880,0,1,0
416287,0,1,0
415766,0,1,0
408485,0,2,0
403710,0,1,0
402576,0,3,0
614990,0,2,0
518108,0,1,0
514050,0,1,0
510495,0,1,0
508612,0,1,0
502902,0,1,0
502209,0,1,0
501593,0,1,0
498398,0,1,0
534552,0,4,0
524389,0,1,0
522968,0,1,0
766775,0,6,0
768679,0,7,0
767797,0,6,0
769326,0,6,0
768672,0,6,0
753297,0,2,0
771988,0,3,0
771517,0,5,0
770994,0,4,0
756149,0,4,0
770183,0,3,0
763433,0,3,0
726194,0,3,0
768084,0,3,0
769262,0,3,0
768193,0,3,0
765977,0,3,0
767995,0,3,0
755729,0,2,0
771704,0,3,0
767280,0,2,0
766975,0,2,0
766645,0,2,0
770174,0,3,0
767460,0,2,0
704129,0,1,0
704051,0,1,0
703984,0,1,0
703932,0,1,0
703914,0,1,0
703896,0,1,0
703868,0,1,0
703858,0,1,0
703853,0,1,0
703841,0,1,0
703782,0,1,0
703762,0,1,0
703632,0,1,0
703489,0,1,0
703402,0,1,0
703315,0,1,0
703301,0,1,0
703091,0,1,0
703004,0,1,0
702706,0,1,0
702611,0,1,0
702574,0,1,0
702462,0,1,0
702428,0,1,0
714246,0,1,0
714102,0,1,0
714081,0,1,0
714028,0,1,0
713971,0,1,0
738957,0,1,0
738943,0,1,0
738900,0,1,0
738865,0,1,0
738841,0,1,0
738767,0,1,0
738694,0,1,0
738444,0,1,0
738373,0,1,0
738171,0,1,0
737620,0,1,0
737559,0,1,0
737404,0,1,0
737325,0,1,0
737165,0,1,0
737118,0,1,0
737054,0,1,0
736898,0,1,0
736841,0,1,0
736413,0,2,0
736195,0,1,0
706095,0,1,0
706057,0,1,0
705989,0,1,0
705771,0,1,0
705740,0,1,0
705737,0,1,0
705735,0,1,0
705695,0,1,0
705644,0,1,0
705606,0,1,0
705595,0,1,0
705564,0,1,0
705249,0,1,0
705213,0,1,0
705195,0,1,0
704904,0,1,0
704682,0,1,0
704461,0,1,0
704402,0,1,0
704385,0,1,0
704358,0,1,0
704325,0,1,0
704320,0,1,0
614874,0,1,0
611971,0,1,0
738851,0,1,0
605944,0,1,0
710967,0,1,0
572238,0,1,0
582030,0,1,0
670156,0,1,0
525511,0,1,0
697986,0,1,0
694485,0,1,0
660340,0,1,0
687453,0,1,0
417965,0,1,0
732452,0,1,0
514139,0,1,0
545619,0,1,0
659505,0,1,0
730612,0,1,0
727922,0,1,0
536726,0,1,0
727491,0,1,0
727597,0,1,0
571043,0,1,0
657559,0,1,0
678848,0,1,0
574478,0,1,0
680923,0,1,0
410674,0,1,0
520977,0,1,0
545239,0,1,0
342522,0,1,0
735795,0,1,0
726291,0,1,0
655310,0,1,0
684677,0,1,0
620662,0,1,0
687776,0,1,0
570636,0,1,0
657866,0,1,0
616311,0,1,0
725808,0,1,0
720035,0,1,0
701874,0,1,0
728324,0,1,0
532901,0,1,0
723430,0,1,0
585946,0,1,0
623177,0,1,0
678487,0,1,0
550576,0,2,0
576784,0,2,0
588775,0,2,0
593564,0,2,0
613757,0,2,0
657770,0,2,0
649661,0,2,0
722706,0,2,0
726245,0,2,0
737368,0,2,0
739567,0,2,0
651375,0,2,0
725132,0,2,0
577075,0,2,0
577083,0,2,0
584477,0,2,0
555655,0,2,0
696809,0,2,0
658905,0,2,0
501807,0,2,0
608672,0,2,0
529446,0,2,0
545257,0,2,0
574971,0,2,0
596521,0,2,0
614102,0,2,0
580851,0,2,0
645412,0,2,0
651291,0,2,0
692339,0,2,0
745488,0,2,0
725309,0,2,0
608787,0,2,0
721465,0,2,0
675646,0,2,0
722115,0,2,0
613788,0,2,0
618807,0,2,0
674365,0,2,0
677735,0,2,0
680558,0,2,0
682883,0,2,0
686273,0,2,0
693793,0,2,0
697760,0,2,0
650227,0,2,0
653869,0,2,0
765472,0,4,0
770112,0,4,0
768966,1,4,0.25
768146,0,5,0
767494,0,4,0
767910,0,4,0
768309,0,4,0
770059,0,4,0
769161,1,5,0.2
746850,0,5,0
746830,0,4,0
770369,0,4,0
769588,0,5,0
769464,0,4,0
769240,0,5,0
769061,0,5,0
770348,1,5,0.2
749575,0,5,0
748143,0,5,0
757176,0,6,0
768657,0,5,0
767983,0,5,0
769519,0,5,0
768111,0,5,0
767229,0,4,0
771387,0,5,0
767521,0,6,0
769104,0,5,0
769247,0,5,0
769373,0,5,0
769400,0,5,0
769212,0,5,0
770141,0,6,0
769084,0,5,0
768809,0,5,0
768714,0,6,0
768097,0,5,0
767803,0,5,0
745384,1,0,
512323,1,0,
256239,0,1,0
358258,0,1,0
326759,0,1,0
197376,0,2,0
364118,0,1,0
385049,0,1,0
122003,0,1,0
436485,0,4,0
774687,1,0,
712786,1,0,
758011,1,2,0.5
767884,0,1,0
766397,0,1,0
767974,0,1,0
767931,0,2,0
769288,0,1,0
759744,0,1,0
495031,1,1,1
198380,0,1,0
199690,0,1,0
200070,0,1,0
198037,0,1,0
196910,0,1,0
196187,0,1,0
190367,0,1,0
196863,0,1,0
528121,0,1,0
586403,0,1,0
627326,0,1,0
601360,0,1,0
446639,0,1,0
428424,0,1,0
621583,0,1,0
760668,0,1,0
733327,0,1,0
588112,0,1,0
674023,0,1,0
433161,0,1,0
650306,0,1,0
650424,0,1,0
607625,0,1,0
469442,0,1,0
767927,0,2,0
733294,0,1,0
615539,0,2,0
766995,0,1,0
602984,0,1,0
755456,0,1,0
301881,0,1,0
610985,0,2,0
753929,1,1,1
373844,0,1,0
754233,0,1,0
685014,0,1,0
645242,0,1,0
568080,0,1,0
745555,0,1,0
732814,0,1,0
719150,0,1,0
695576,0,1,0
729931,0,1,0
759021,0,1,0
625469,0,1,0
623943,0,1,0
645815,0,1,0
644995,0,1,0
608163,0,1,0
501306,0,1,0
526853,0,1,0
524056,0,1,0
539506,0,1,0
538901,0,1,0
363345,0,1,0
390574,0,1,0
739178,0,1,0
581686,0,1,0
753382,0,1,0
486566,0,1,0
582806,0,1,0
592356,0,1,0
747207,0,1,0
527246,0,1,0
622852,0,1,0
569739,0,1,0
750438,0,1,0
620612,0,1,0
432613,0,1,0
518647,0,1,0
593229,0,1,0
576687,0,1,0
406451,0,1,0
592192,0,1,0
682893,0,1,0
607795,0,1,0
657957,0,1,0
681736,0,1,0
623649,0,1,0
705560,0,1,0
702310,0,1,0
702258,0,2,0
702232,0,1,0
702139,0,1,0
702048,0,1,0
702040,0,1,0
702031,0,1,0
702029,0,1,0
702020,0,1,0
701944,0,1,0
701864,0,1,0
701692,0,1,0
563551,0,1,0
687841,0,1,0
693309,0,1,0
719019,0,1,0
693082,0,1,0
673603,0,1,0
445434,0,1,0
445309,0,1,0
732605,0,1,0
712945,0,1,0
701680,0,1,0
701588,0,1,0
701415,0,1,0
732384,0,2,0
732347,0,1,0
732283,0,2,0
731876,0,1,0
731787,0,1,0
731757,0,1,0
731581,0,1,0
731296,0,1,0
731130,0,1,0
731054,0,1,0
730931,0,1,0
730755,0,1,0
730703,0,1,0
730568,0,1,0
730521,0,1,0
730116,0,1,0
730040,0,1,0
465066,0,1,0
682805,0,1,0
437059,0,1,0
434647,0,1,0
460151,0,1,0
446539,0,1,0
480753,0,1,0
683596,0,1,0
669442,0,1,0
439187,0,1,0
472392,0,1,0
436342,0,1,0
689622,1,1,1
474622,0,1,0
467741,0,1,0
479351,0,1,0
465055,0,1,0
437815,0,1,0
440541,0,1,0
435646,0,1,0
435252,0,1,0
451115,0,1,0
445745,0,1,0
439026,0,1,0
440340,0,1,0
467399,0,1,0
464007,0,1,0
467502,0,1,0
456359,0,1,0
457807,0,1,0
436348,0,1,0
479740,0,1,0
440532,0,1,0
438287,0,1,0
432402,0,1,0
472275,0,1,0
458108,0,1,0
461122,0,1,0
456357,0,1,0
450536,3,1,3
450399,0,1,0
439363,0,1,0
451930,0,1,0
441323,0,1,0
440593,0,1,0
440573,0,1,0
447413,0,1,0
469458,0,1,0
219246,0,2,0
663166,0,1,0
716697,0,1,0
671575,0,2,0
664567,0,1,0
633784,0,2,0
751020,0,1,0
624382,0,1,0
706725,0,1,0
535002,0,1,0
533656,0,1,0
526005,0,1,0
525225,0,1,0
522434,0,1,0
492508,0,3,0
488190,0,3,0
337496,0,1,0
301355,0,1,0
295599,0,2,0
267819,0,1,0
194953,0,1,0
189263,0,1,0
463002,0,1,0
443546,0,1,0
379144,0,1,0
574703,0,1,0
527009,0,1,0
524435,0,1,0
521584,0,1,0
521269,0,1,0
520411,0,1,0
531919,0,1,0
531915,0,1,0
528482,0,1,0
474096,0,1,0
470943,0,1,0
506330,0,1,0
504102,0,1,0
519077,0,1,0
516737,0,1,0
480014,0,1,0
490511,0,1,0
431936,0,1,0
444405,0,1,0
400930,0,1,0
392829,0,1,0
412633,0,1,0
355303,0,1,0
354612,0,1,0
352829,0,1,0
754698,0,1,0
753821,0,1,0
489273,0,1,0
355795,0,1,0
627906,0,1,0
671341,0,1,0
565549,0,2,0
605013,0,1,0
683205,0,1,0
611378,0,2,0
230233,0,1,0
117588,0,1,0
652897,0,1,0
550494,0,1,0
620055,0,1,0
579968,0,3,0
707717,0,1,0
496301,0,1,0
534753,0,1,0
576850,0,2,0
620098,0,1,0
486638,0,1,0
122145,0,1,0
758457,0,1,0
539510,0,1,0
584989,0,1,0
500729,0,1,0
366593,0,1,0
190737,0,1,0
494751,0,1,0
516210,0,1,0
731316,0,1,0
507594,0,1,0
584418,0,2,0
704767,0,2,0
642856,0,2,0
736281,0,2,0
739877,0,2,0
720751,0,2,0
722517,0,2,0
722532,0,2,0
723919,0,2,0
728966,0,2,0
715509,0,2,0
716379,0,2,0
719925,0,2,0
713054,0,2,0
747644,0,2,0
705446,0,2,0
737553,0,2,0
725054,0,2,0
654472,0,2,0
732211,0,2,0
516964,0,2,0
697960,0,2,0
738685,0,2,0
671139,0,2,0
699408,0,2,0
619363,0,2,0
649722,0,2,0
671972,0,2,0
730775,0,2,0
614398,0,2,0
632198,0,2,0
719518,0,2,0
554326,0,1,0
729255,0,1,0
750786,0,1,0
539062,0,1,0
542373,0,1,0
517183,0,1,0
495731,0,1,0
497981,0,1,0
556047,0,1,0
564227,0,1,0
619628,0,1,0
619664,0,1,0
621146,0,1,0
622484,0,2,0
622965,0,2,0
614635,0,2,0
603234,0,2,0
560386,1,0,
609902,0,1,0
609798,0,1,0
609749,0,1,0
609727,0,1,0
609722,0,1,0
609719,0,1,0
609579,0,1,0
609478,0,1,0
609443,0,1,0
609295,0,1,0
609253,0,1,0
609089,0,1,0
609065,0,1,0
609016,0,1,0
608967,0,1,0
608927,0,1,0
608842,0,1,0
608820,0,1,0
608618,0,1,0
608599,0,1,0
734548,1,0,
745497,0,1,0
738421,0,1,0
753633,0,1,0
742387,0,1,0
759524,0,3,0
151627,0,1,0
755475,0,1,0
750223,0,1,0
694255,0,1,0
751985,0,1,0
751996,0,1,0
753189,0,1,0
755848,0,1,0
763586,0,3,0
764847,0,3,0
770048,0,3,0
752015,0,1,0
719302,0,1,0
753562,0,1,0
756255,0,1,0
753481,0,1,0
191212,0,1,0
588578,0,3,0
748702,0,4,0
769652,0,2,0
767876,0,3,0
767729,0,2,0
767449,0,2,0
765482,0,1,0
767759,0,2,0
769983,0,2,0
768767,0,3,0
768567,0,2,0
774699,0,1,0
774697,0,2,0
774696,0,1,0
774689,0,2,0
767283,0,1,0
769746,0,2,0
727654,0,1,0
768758,0,2,0
768708,0,2,0
752354,0,3,0
769808,0,2,0
767914,0,2,0
769248,0,3,0
769021,0,2,0
770294,0,2,0
769298,0,3,0
770184,0,1,0
227057,0,1,0
383278,0,1,0
497480,0,1,0
497338,0,1,0
497301,0,1,0
367859,0,1,0
236239,0,1,0
424822,0,1,0
517867,0,4,0
434115,0,1,0
256777,0,1,0
413089,0,1,0
383318,0,1,0
376608,0,1,0
451707,0,1,0
552136,0,1,0
358917,0,1,0
326550,0,1,0
377499,0,1,0
537959,0,1,0
430694,0,1,0
295339,0,1,0
145943,0,1,0
425451,0,1,0
269070,0,1,0
244883,0,1,0
109140,0,1,0
305451,0,1,0
318952,0,1,0
474632,0,1,0
454168,0,1,0
453019,0,1,0
456941,0,1,0
335603,0,1,0
303084,0,1,0
491189,0,1,0
770018,0,1,0
750508,0,1,0
733575,0,1,0
656537,0,1,0
751156,0,1,0
751093,0,1,0
730152,0,1,0
763749,0,1,0
749725,0,6,0
745043,2,1,2
751194,0,4,0
749045,0,4,0
600303,0,4,0
733349,0,4,0
729209,0,4,0
684603,0,4,0
446920,0,4,0
605385,2,2,1
689400,0,4,0
671649,0,4,0
758019,0,4,0
758440,0,5,0
758322,0,4,0
757081,0,4,0
763362,0,4,0
758336,0,4,0
759553,0,5,0
758146,0,4,0
758174,0,4,0
727553,0,4,0
325815,0,4,0
617901,0,4,0
198309,0,1,0
198165,0,1,0
196270,0,1,0
196279,0,1,0
196214,0,1,0
193118,0,1,0
194360,0,1,0
195301,0,1,0
195377,0,1,0
194859,0,1,0
194914,0,1,0
193096,0,1,0
192503,0,1,0
193236,0,1,0
193971,0,1,0
188271,0,1,0
188098,0,1,0
177091,0,1,0
183197,0,1,0
189007,0,1,0
192318,0,1,0
192580,0,1,0
192640,0,1,0
192655,0,1,0
192646,0,1,0
187325,0,1,0
192597,0,2,0
190147,0,3,0
180763,0,1,0
187884,0,1,0
188460,0,1,0
186177,0,1,0
191782,0,1,0
192400,0,1,0
187991,0,1,0
187973,0,1,0
188047,0,1,0
184871,0,1,0
188000,0,1,0
186046,0,1,0
189163,0,1,0
158535,0,1,0
184519,0,1,0
184645,0,1,0
162696,0,1,0
184708,0,1,0
182384,0,1,0
182285,0,1,0
177242,0,1,0
179815,0,1,0
179378,0,1,0
690844,0,1,0
670103,0,1,0
617842,0,1,0
675113,0,1,0
680934,0,1,0
767872,0,2,0
767888,0,2,0
767393,0,2,0
767230,0,2,0
765517,0,1,0
765195,0,1,0
757925,0,1,0
747389,0,2,0
750955,0,1,0
770610,0,3,0
681349,0,1,0
687187,0,1,0
639575,0,1,0
659953,0,1,0
654730,0,1,0
568214,0,1,0
571660,0,1,0
546396,0,1,0
707946,0,1,0
731252,0,1,0
596919,0,1,0
597049,0,1,0
587787,0,1,0
717407,0,1,0
709776,0,1,0
720566,0,1,0
567561,0,1,0
617403,0,1,0
691197,0,1,0
691925,0,1,0
720520,0,1,0
591097,0,1,0
594586,0,1,0
596198,0,1,0
562225,0,1,0
568205,0,1,0
570426,0,1,0
497022,0,1,0
645118,0,1,0
728526,0,1,0
723994,0,1,0
736300,0,1,0
736785,0,1,0
737401,0,1,0
620660,0,1,0
574156,0,1,0
742902,0,1,0
519438,0,2,0
517944,0,3,0
517142,0,3,0
516173,0,3,0
513205,0,3,0
511286,0,3,0
486853,0,3,0
486164,0,3,0
485290,0,3,0
484708,0,3,0
484628,0,3,0
484268,0,3,0
480299,0,3,0
479036,0,3,0
478537,0,3,0
508180,0,3,0
508148,0,3,0
505061,0,3,0
504683,0,4,0
504661,0,3,0
502696,0,3,0
502353,0,3,0
502080,0,3,0
501513,0,4,0
501450,0,3,0
500769,0,3,0
500411,0,3,0
500235,0,3,0
537273,0,3,0
533932,0,3,0
531341,0,3,0
608456,0,1,0
608290,0,1,0
608266,0,1,0
608166,0,1,0
608132,0,1,0
608112,0,1,0
608060,0,1,0
607896,0,2,0
607884,0,1,0
607710,0,1,0
607629,0,1,0
607574,0,1,0
607532,0,1,0
607500,0,1,0
607442,0,1,0
607410,0,1,0
607349,0,1,0
607334,0,1,0
607306,0,1,0
607241,0,1,0
607178,0,1,0
607169,0,1,0
606856,0,1,0
606843,0,1,0
606815,0,1,0
606768,0,1,0
606767,0,1,0
606766,0,1,0
606693,0,1,0
606657,0,1,0
606302,0,1,0
606038,0,1,0
363858,0,1,0
500962,0,1,0
509297,0,1,0
535080,0,1,0
529493,0,1,0
525877,0,1,0
505850,0,1,0
493737,0,1,0
430656,0,1,0
508154,0,1,0
407079,0,1,0
534597,0,1,0
332201,0,1,0
258734,0,1,0
430100,0,1,0
377043,0,1,0
375648,0,1,0
378200,0,1,0
425456,0,1,0
334320,0,1,0
471296,0,1,0
274925,0,1,0
436306,0,1,0
416900,0,1,0
467180,0,1,0
466882,0,1,0
535261,0,1,0
145692,0,1,0
365600,0,1,0
505121,0,1,0
493206,0,1,0
502607,0,1,0
191894,0,1,0
221910,0,1,0
365655,0,1,0
325090,0,1,0
440929,0,1,0
437437,0,1,0
402605,0,1,0
532320,0,1,0
496199,0,1,0
433547,0,1,0
381767,0,1,0
501692,0,1,0
368661,0,1,0
395519,0,1,0
486997,0,1,0
531027,0,1,0
511549,0,1,0
323960,0,4,0
111597,0,4,0
420022,0,4,0
394926,0,4,0
754362,0,4,0
758455,0,4,0
436998,0,4,0
701653,0,4,0
758265,0,4,0
753070,0,4,0
428549,0,4,0
331749,0,4,0
385147,0,4,0
383590,1,4,0.25
452951,0,4,0
761390,0,4,0
203909,0,4,0
206014,1,4,0.25
504536,0,4,0
511449,0,4,0
528563,0,4,0
575634,0,4,0
646601,0,4,0
669888,0,4,0
701704,0,4,0
693113,0,4,0
461100,0,4,0
594192,0,4,0
742020,0,4,0
412007,0,4,0
301791,0,3,0
245229,0,3,0
414629,0,3,0
419036,0,3,0
559615,0,3,0
653595,0,1,0
653519,0,1,0
653498,0,1,0
653469,0,1,0
653456,0,2,0
653419,0,1,0
653394,0,1,0
653353,0,1,0
653336,0,1,0
653260,0,1,0
653258,0,1,0
653148,0,1,0
653128,0,1,0
652996,0,1,0
652992,0,1,0
652916,0,1,0
652739,0,1,0
652722,0,1,0
652677,0,1,0
652600,0,1,0
652501,0,1,0
652436,0,1,0
652393,0,1,0
652380,0,1,0
652339,0,1,0
652333,0,1,0
652325,0,2,0
652299,0,1,0
652237,0,2,0
652219,0,1,0
652164,0,1,0
531110,0,3,0
529345,0,3,0
529332,0,3,0
528759,0,3,0
545160,0,3,0
545004,0,3,0
544602,0,3,0
543582,0,3,0
541774,0,3,0
539640,0,3,0
539018,0,3,0
539011,0,3,0
538989,0,3,0
538724,0,3,0
538423,0,3,0
538352,0,3,0
538315,0,3,0
538187,0,3,0
537829,0,3,0
527675,0,3,0
527551,0,3,0
527352,0,3,0
527263,0,3,0
525817,0,3,0
524650,0,3,0
683654,0,2,0
759325,0,2,0
756422,0,2,0
647954,0,2,0
735563,0,2,0
755236,0,2,0
714513,0,2,0
703213,0,2,0
730257,0,2,0
687096,0,2,0
660108,0,2,0
707627,0,2,0
705284,0,2,0
739488,0,2,0
692844,0,2,0
754360,0,2,0
695349,0,2,0
591010,0,2,0
565987,0,2,0
573098,0,2,0
534114,0,2,0
522821,0,2,0
529127,0,2,0
529216,0,2,0
522918,0,2,0
367800,0,2,0
420674,0,2,0
572089,0,2,0
547254,0,2,0
566051,0,2,0
546297,0,2,0
566057,0,2,0
716350,0,2,0
623735,0,2,0
696229,0,2,0
739518,0,2,0
717435,0,2,0
743139,0,2,0
669313,0,2,0
731585,0,2,0
754869,0,2,0
680081,0,2,0
752064,0,2,0
711530,0,2,0
697783,0,2,0
726430,0,2,0
736772,0,2,0
595834,0,1,0
534359,0,1,0
493974,0,1,0
558632,0,1,0
689172,0,1,0
488211,0,1,0
687974,0,1,0
689321,0,1,0
429444,0,1,0
708811,0,1,0
493770,0,1,0
412716,0,1,0
639169,0,1,0
723674,0,1,0
719396,0,1,0
534875,0,1,0
614774,0,1,0
376917,0,1,0
414714,0,1,0
480928,0,1,0
678028,0,1,0
550119,0,1,0
682538,0,1,0
730584,0,1,0
736321,0,1,0
752356,0,1,0
577847,0,2,0
750351,0,1,0
553834,0,1,0
758031,0,1,0
731029,0,1,0
733996,0,1,0
753935,0,1,0
766292,0,1,0
757684,0,1,0
740857,0,1,0
756701,0,1,0
756321,0,1,0
758986,0,1,0
722094,0,1,0
738178,0,1,0
740147,0,1,0
735343,0,1,0
379192,0,1,0
769065,0,2,0
756868,0,1,0
743062,0,1,0
761004,0,1,0
761861,0,1,0
768272,0,1,0
759782,0,1,0
669160,0,1,0
384753,0,1,0
769015,0,1,0
666453,0,1,0
740788,0,1,0
607368,0,1,0
684412,0,1,0
765300,0,1,0
681312,0,1,0
740532,0,1,0
641732,0,1,0
665926,0,1,0
642588,0,1,0
747903,0,1,0
660883,0,1,0
684448,0,1,0
740345,0,1,0
609112,0,2,0
720958,0,1,0
605035,0,2,0
646230,0,1,0
714871,0,1,0
531007,0,1,0
716229,0,1,0
750943,0,1,0
586620,0,3,0
586643,0,3,0
591761,0,2,0
600823,0,2,0
616895,0,2,0
570383,0,2,0
575318,0,3,0
540001,0,1,0
550297,0,1,0
622543,0,2,0
623335,0,1,0
625618,0,1,0
649668,0,1,0
662474,0,1,0
665709,0,1,0
667760,0,1,0
680305,0,1,0
692449,0,1,0
695214,0,1,0
697130,0,1,0
698224,0,1,0
705795,0,1,0
706112,0,1,0
706729,0,1,0
706837,0,1,0
710081,0,1,0
710329,0,1,0
723228,0,1,0
726122,0,1,0
729998,0,1,0
730856,0,1,0
738288,0,1,0
752954,0,1,0
754607,0,1,0
764691,0,4,0
564420,0,2,0
616870,0,2,0
640102,0,1,0
766461,0,6,0
759007,0,2,0
759151,0,1,0
693829,0,1,0
556289,0,1,0
693037,0,1,0
767180,0,7,0
747138,0,1,0
612430,0,2,0
642320,0,1,0
694130,0,1,0
680372,0,1,0
717135,0,1,0
673127,0,1,0
588673,0,1,0
576962,0,1,0
585902,0,1,0
651808,0,1,0
627353,0,1,0
632873,0,1,0
683519,0,1,0
671330,0,1,0
752005,0,2,0
771394,0,2,0
662045,0,2,0
756411,0,2,0
754230,0,2,0
726722,0,2,0
738981,0,2,0
699887,0,2,0
683663,0,2,0
744331,0,2,0
646391,0,1,0
712910,0,1,0
650562,0,1,0
650559,0,1,0
650480,0,1,0
650396,0,1,0
650301,0,1,0
650180,0,1,0
650158,0,1,0
650113,0,1,0
650112,0,1,0
650110,0,1,0
650070,0,2,0
650066,0,2,0
649962,0,1,0
649960,0,1,0
649881,0,1,0
649758,0,1,0
649672,0,1,0
649499,0,1,0
649481,0,1,0
649432,0,1,0
649415,0,1,0
649207,0,1,0
649165,0,1,0
649137,0,1,0
649134,0,1,0
649120,0,1,0
649104,0,1,0
649068,0,1,0
648959,0,1,0
648953,0,1,0
648825,0,1,0
648514,0,1,0
648494,0,1,0
648454,0,1,0
648265,0,1,0
648228,0,1,0
648161,0,1,0
648147,0,1,0
648136,0,1,0
648134,0,1,0
617336,0,1,0
617329,0,1,0
617106,0,1,0
617078,0,1,0
617060,0,1,0
616972,0,1,0
616966,0,1,0
616928,0,1,0
616847,0,1,0
616810,0,1,0
616675,0,1,0
616500,0,1,0
652111,0,1,0
652037,0,1,0
652030,0,1,0
651981,0,1,0
651726,0,1,0
651719,0,1,0
651686,0,1,0
651422,0,1,0
651392,0,1,0
651380,0,1,0
651373,0,1,0
651369,0,1,0
651316,0,1,0
651308,0,1,0
651290,0,1,0
651272,0,1,0
651201,0,1,0
651179,0,1,0
650876,0,1,0
650786,0,1,0
650605,0,1,0
650573,0,1,0
648091,0,1,0
649287,0,1,0
640512,0,1,0
605388,0,1,0
609988,0,1,0
593913,0,1,0
597854,0,1,0
599910,0,1,0
701344,0,1,0
704334,1,1,1
673602,0,1,0
680851,0,1,0
715570,0,1,0
719639,0,1,0
720423,0,1,0
687485,0,1,0
695123,0,1,0
696444,0,1,0
698002,0,1,0
664568,0,1,0
664656,0,1,0
713001,0,1,0
745603,0,1,0
747453,0,1,0
736418,0,1,0
736759,0,1,0
736864,0,1,0
724753,0,1,0
727519,0,1,0
730872,0,1,0
734303,0,1,0
734331,0,1,0
526614,0,1,0
558433,0,1,0
665938,0,1,0
711386,0,1,0
645041,0,1,0
675401,0,1,0
575669,0,1,0
675674,0,1,0
715257,0,1,0
730865,0,1,0
654671,0,1,0
719767,0,1,0
591966,0,2,0
593291,0,3,0
593403,0,2,0
592807,0,2,0
588107,0,2,0
591917,0,2,0
591644,0,1,0
591785,0,2,0
591763,0,2,0
591419,0,2,0
590717,0,3,0
581128,0,2,0
590790,0,3,0
590641,0,3,0
588120,0,1,0
589342,0,4,0
584851,0,2,0
588580,0,2,0
589451,0,1,0
589054,0,2,0
590330,0,3,0
589667,0,2,0
590469,0,2,0
586357,0,2,0
589389,0,2,0
589584,0,1,0
588325,0,2,0
586460,0,2,0
589202,0,2,0
587588,0,2,0
582561,0,2,0
588073,0,2,0
585178,0,1,0
586770,0,8,0
584916,0,1,0
585894,0,5,0
585404,0,4,0
586915,0,2,0
584930,0,2,0
676184,1,0,
725583,1,3,0.3333333333333333
586309,0,1,0
639058,0,1,0
573862,0,1,0
504616,0,1,0
683152,0,1,0
258681,0,1,0
468501,0,1,0
762954,0,1,0
762761,0,1,0
639370,0,1,0
266029,0,1,0
695600,0,1,0
393489,0,1,0
558717,0,1,0
726220,0,1,0
266183,0,1,0
533070,0,1,0
547812,0,1,0
684551,0,1,0
677135,0,1,0
195557,0,1,0
678219,0,1,0
623688,0,1,0
401553,0,1,0
616355,0,1,0
48024,0,1,0
507565,0,1,0
526619,0,1,0
532900,0,1,0
586625,0,1,0
641822,0,1,0
714868,0,1,0
393508,0,1,0
485743,0,1,0
763055,0,1,0
763242,0,1,0
541843,0,1,0
740902,0,1,0
315602,0,1,0
589193,0,1,0
576145,0,1,0
299398,0,1,0
266740,0,1,0
740110,0,1,0
692781,0,1,0
95212,0,2,0
425580,0,1,0
62486,0,1,0
62488,0,1,0
592273,0,1,0
592318,0,1,0
558507,0,1,0
614646,0,1,0
729185,0,1,0
766539,2,2,1
570427,0,3,0
695878,0,2,0
734154,0,2,0
743392,0,2,0
750111,0,2,0
577806,0,2,0
734234,0,2,0
586927,0,2,0
586089,0,2,0
575411,0,1,0
584189,0,3,0
580803,0,2,0
583995,0,2,0
586820,0,2,0
586970,0,5,0
587123,0,2,0
583206,0,2,0
580342,0,2,0
746420,1,7,0.14285714285714285
546762,0,3,0
729443,0,3,0
644947,0,3,0
499029,0,3,0
747304,0,2,0
555443,0,2,0
745372,0,4,0
582735,0,2,0
567884,0,2,0
734945,0,2,0
630650,0,1,0
569493,0,1,0
553991,0,1,0
537534,0,1,0
496081,0,1,0
491893,0,1,0
411220,0,1,0
531033,0,1,0
528504,0,1,0
747845,0,1,0
736766,0,1,0
725236,0,1,0
570746,0,2,0
493322,0,1,0
497515,0,1,0
567721,0,1,0
566861,0,1,0
564758,0,1,0
583653,0,1,0
733787,0,1,0
584380,0,1,0
753249,0,1,0
735429,0,1,0
722645,0,1,0
716322,0,1,0
486131,0,1,0
564230,0,1,0
570790,0,1,0
582978,0,1,0
581314,0,1,0
575880,0,1,0
558767,0,1,0
753376,0,1,0
739597,0,1,0
738016,0,1,0
542470,0,1,0
575315,0,1,0
710563,1,0,
738325,2,0,Infinity
725830,1,6,0.16666666666666666
421743,0,8,0
78877,0,8,0
601810,0,6,0
346630,0,6,0
672724,0,6,0
672646,0,6,0
672431,0,6,0
669482,0,6,0
668874,0,6,0
665203,0,6,0
661964,0,6,0
660704,1,6,0.16666666666666666
720809,0,6,0
720602,0,6,0
719352,0,6,0
718592,0,6,0
718431,0,6,0
686866,0,6,0
686802,0,6,0
686536,0,6,0
685830,0,6,0
685570,0,6,0
685228,0,6,0
685157,0,6,0
684869,0,6,0
682879,0,6,0
694985,0,6,0
694692,0,6,0
694357,0,6,0
692525,0,6,0
698740,0,6,0
697670,0,6,0
678625,0,6,0
678299,0,6,0
678079,0,6,0
677284,0,6,0
676625,0,6,0
675816,0,6,0
675458,0,6,0
675015,0,6,0
674941,0,6,0
674198,0,6,0
659141,0,6,0
657616,0,6,0
657606,0,6,0
657138,0,6,0
656685,0,6,0
656581,0,6,0
656029,0,6,0
655884,0,6,0
654448,0,6,0
691365,0,6,0
690806,0,6,0
689648,0,6,0
689605,0,6,0
689123,0,6,0
687876,0,6,0
686914,0,6,0
691010,0,3,0
738697,0,3,0
540693,0,3,0
629212,0,3,0
618189,0,3,0
661805,0,3,0
680907,0,3,0
695001,0,3,0
583739,0,3,0
721842,0,1,0
714932,0,1,0
721965,0,1,0
746074,0,1,0
684716,0,1,0
603155,0,1,0
694269,0,1,0
541892,0,1,0
515462,0,1,0
559855,0,2,0
562467,0,1,0
323706,0,1,0
486098,0,1,0
735939,0,1,0
730737,0,1,0
544088,0,1,0
651067,0,1,0
749310,0,1,0
736345,0,1,0
721655,0,1,0
671461,0,1,0
522622,0,2,0
522219,0,2,0
520970,0,2,0
520137,0,2,0
519916,0,2,0
493234,0,2,0
492551,0,2,0
489895,0,2,0
487835,0,2,0
495150,0,2,0
494203,0,2,0
331101,0,2,0
330360,0,2,0
327628,0,2,0
297453,0,2,0
132405,0,3,0
351793,0,2,0
736836,0,2,0
723143,0,2,0
715628,0,2,0
738324,0,2,0
476584,0,2,0
734373,0,2,0
580522,0,2,0
505744,0,2,0
579471,0,2,0
674917,0,2,0
701194,0,2,0
657526,0,2,0
746343,0,2,0
734047,0,2,0
505353,0,2,0
751066,0,2,0
611239,0,2,0
688889,0,2,0
736462,0,2,0
621278,0,2,0
712034,0,2,0
666108,0,2,0
690873,0,2,0
748501,0,2,0
574010,0,2,0
769933,0,1,0
563926,0,2,0
744109,1,0,
416313,1,0,
769193,0,1,0
762157,0,1,0
769700,0,1,0
769492,0,1,0
768818,0,1,0
770706,0,1,0
768199,0,1,0
768075,0,1,0
767883,0,1,0
769494,0,1,0
768542,0,1,0
766548,0,1,0
769337,0,1,0
769271,0,1,0
769259,0,1,0
765805,1,1,1
770276,0,1,0
767090,0,2,0
769976,0,1,0
769754,0,1,0
769693,0,1,0
769514,0,1,0
768559,0,1,0
768294,0,1,0
769846,0,1,0
768645,0,2,0
768518,0,1,0
767975,0,1,0
766984,0,1,0
711579,1,0,
744085,0,2,0
745293,0,2,0
607467,0,2,0
748525,0,2,0
671629,0,2,0
740594,0,2,0
737471,0,1,0
448899,0,1,0
544858,0,1,0
674560,0,1,0
706103,0,1,0
527561,0,1,0
608356,0,1,0
500861,0,1,0
558722,0,1,0
439550,0,1,0
439572,0,1,0
342972,0,1,0
385610,0,1,0
615470,0,1,0
446797,0,1,0
699953,0,1,0
306504,0,1,0
679448,0,1,0
577977,0,3,0
308761,0,1,0
360081,0,1,0
441284,0,1,0
687886,0,1,0
429267,0,1,0
767417,0,1,0
381640,0,1,0
568007,0,1,0
424403,0,1,0
648182,0,1,0
686963,0,1,0
695762,0,1,0
683599,0,1,0
621453,0,1,0
383227,0,1,0
431708,0,1,0
561910,0,1,0
724704,0,1,0
506176,0,1,0
751570,0,1,0
689399,0,1,0
451055,0,1,0
410255,0,1,0
485432,0,1,0
439339,0,1,0
422385,0,1,0
377738,0,1,0
747116,0,1,0
535185,0,1,0
295915,0,3,0
731233,0,1,0
559059,0,1,0
456316,0,1,0
360172,0,1,0
445586,0,1,0
725108,0,1,0
734351,0,1,0
433208,0,1,0
585970,0,1,0
701159,0,1,0
755774,0,1,0
665041,1,0,
716955,0,1,0
715623,0,1,0
537212,0,1,0
673591,0,1,0
411957,0,1,0
623173,0,1,0
623098,0,1,0
623091,0,1,0
541361,0,2,0
756271,0,1,0
622797,0,1,0
622713,0,1,0
622612,0,1,0
622598,0,1,0
729914,0,1,0
622533,0,1,0
641966,0,1,0
641956,0,1,0
641765,0,1,0
641737,0,1,0
641726,0,2,0
641661,0,1,0
641615,0,1,0
641407,0,1,0
641217,0,1,0
641215,0,1,0
587416,0,1,0
753883,0,1,0
753726,0,1,0
641208,0,1,0
641183,0,1,0
641134,0,1,0
640994,0,1,0
640969,0,1,0
640850,0,1,0
640801,0,1,0
640752,0,1,0
749528,0,1,0
754998,0,3,0
757281,0,1,0
476649,0,1,0
479382,0,1,0
480405,0,1,0
480791,0,2,0
499991,0,2,0
426931,0,1,0
437537,0,1,0
439024,0,1,0
748121,0,1,0
751682,0,1,0
733965,0,1,0
618155,0,1,0
500106,0,1,0
560930,0,1,0
713718,0,1,0
590293,0,2,0
745834,0,2,0
367954,0,2,0
377104,0,2,0
392948,0,2,0
616432,0,1,0
616251,0,1,0
616187,0,1,0
616150,0,1,0
616140,0,1,0
616136,0,1,0
616090,0,1,0
615917,0,1,0
615893,0,1,0
615812,0,1,0
615766,0,1,0
615572,0,1,0
615527,0,1,0
615496,0,1,0
615493,0,1,0
615427,0,1,0
615398,0,1,0
615375,0,1,0
615264,0,1,0
615041,0,1,0
615026,0,1,0
614921,0,1,0
614815,0,1,0
614747,0,1,0
614629,0,1,0
614493,0,1,0
614434,0,1,0
614425,0,1,0
614408,0,1,0
614401,0,1,0
614381,0,1,0
614272,0,1,0
614188,0,1,0
614185,0,1,0
614125,0,1,0
614050,0,1,0
613998,0,1,0
613944,0,1,0
613871,0,1,0
613853,0,1,0
613804,0,1,0
613799,0,1,0
613689,0,1,0
613633,0,1,0
613463,0,1,0
613449,0,1,0
613224,0,1,0
613120,0,1,0
612880,0,1,0
612873,0,1,0
612769,0,1,0
612759,0,1,0
612609,0,1,0
612597,0,1,0
612587,0,1,0
612502,0,1,0
612489,0,1,0
712757,0,1,0
501813,0,1,0
548583,0,1,0
696135,0,3,0
608192,0,3,0
719591,0,3,0
716035,0,3,0
629197,0,3,0
689210,1,3,0.3333333333333333
695837,0,3,0
671719,0,3,0
687925,0,3,0
655290,0,3,0
639834,0,3,0
715033,0,3,0
735734,0,3,0
686293,0,3,0
597142,0,3,0
585712,0,3,0
570545,0,3,0
713092,0,3,0
568396,0,3,0
769856,1,0,
626048,0,2,0
734109,0,2,0
717708,0,2,0
666201,0,2,0
734405,0,2,0
617783,0,2,0
765422,0,1,0
757764,0,1,0
752429,0,2,0
746930,0,1,0
769114,0,1,0
768169,0,2,0
752126,0,2,0
752028,0,1,0
767192,0,1,0
766504,0,1,0
767871,0,2,0
767767,0,1,0
767559,0,1,0
767278,0,1,0
767256,0,2,0
766827,0,1,0
764379,0,1,0
767775,0,1,0
753247,0,1,0
752162,0,1,0
767406,0,1,0
770192,0,1,0
768875,0,1,0
751690,0,1,0
748630,0,1,0
755916,0,1,0
755432,0,1,0
771252,0,2,0
767284,0,1,0
768527,0,2,0
765886,0,1,0
767386,0,1,0
770389,0,1,0
762085,0,1,0
769172,0,1,0
768611,0,1,0
767989,0,1,0
767416,0,1,0
765614,0,1,0
768584,0,1,0
767274,0,1,0
768608,0,1,0
467592,0,1,0
470846,0,1,0
472240,0,1,0
473044,0,1,0
402291,0,1,0
402572,0,1,0
404801,0,1,0
408651,0,1,0
417255,0,1,0
337678,0,1,0
343865,0,1,0
355208,0,2,0
357813,0,4,0
370834,0,1,0
376104,0,1,0
380805,0,4,0
387312,0,1,0
392147,0,1,0
687297,0,1,0
684709,0,1,0
641123,0,1,0
631330,0,2,0
630129,0,1,0
619519,0,1,0
664225,0,1,0
654181,0,1,0
529022,0,2,0
514068,0,1,0
728602,0,2,0
727817,0,1,0
711681,0,1,0
738300,0,1,0
575909,0,1,0
585307,0,1,0
585156,0,1,0
582032,0,1,0
602746,0,1,0
601704,0,2,0
601643,0,1,0
552206,0,2,0
552154,0,3,0
550780,0,3,0
550124,0,2,0
548326,0,2,0
548302,0,3,0
547132,0,3,0
739464,0,1,0
527040,0,1,0
366345,1,0,
640449,0,1,0
704857,0,1,0
705251,0,1,0
705599,0,1,0
359914,0,1,0
507059,0,1,0
618544,0,1,0
612449,0,1,0
612297,0,1,0
612247,0,1,0
612141,0,1,0
612128,0,1,0
612093,0,1,0
612071,0,1,0
648117,0,2,0
648025,0,1,0
648018,0,1,0
647800,0,1,0
647771,0,1,0
647719,0,1,0
647679,0,1,0
647595,0,1,0
647439,0,1,0
647424,0,1,0
647371,0,1,0
647368,0,1,0
647309,0,1,0
647255,0,1,0
647124,0,1,0
646833,0,2,0
646824,0,2,0
646801,0,1,0
646713,0,1,0
646705,0,1,0
646698,0,1,0
646689,0,1,0
646682,0,1,0
646606,0,1,0
646603,0,1,0
646566,0,1,0
646531,0,1,0
646407,0,1,0
646088,0,1,0
645942,0,1,0
645922,0,1,0
645893,0,1,0
645784,0,1,0
645776,0,1,0
645754,0,1,0
645653,0,1,0
645513,0,1,0
645445,0,1,0
645436,0,1,0
645229,0,2,0
645184,0,1,0
645137,0,1,0
645066,0,1,0
644905,0,1,0
644888,0,1,0
644629,0,1,0
768184,0,1,0
673133,0,1,0
678421,0,1,0
403842,0,1,0
740354,0,1,0
665911,0,1,0
768266,0,1,0
702143,0,1,0
406280,0,1,0
484089,0,1,0
455941,0,1,0
701497,0,1,0
768213,0,1,0
627005,0,1,0
673204,0,1,0
622860,0,1,0
627007,0,1,0
587006,0,1,0
654954,0,1,0
650907,0,1,0
640856,0,1,0
710786,0,1,0
716485,0,1,0
642614,0,3,0
672109,0,1,0
558067,0,1,0
517009,0,1,0
490050,0,1,0
392364,0,1,0
609011,0,2,0
577251,0,2,0
609394,0,2,0
713256,0,1,0
657816,0,1,0
653764,0,1,0
295613,1,0,
215401,0,1,0
228914,0,1,0
212888,0,1,0
227161,0,1,0
227967,0,1,0
226521,0,1,0
227208,0,1,0
223093,0,1,0
216897,0,1,0
221713,0,1,0
221738,0,1,0
222392,0,1,0
221980,0,1,0
713945,0,1,0
750960,0,1,0
756730,0,1,0
710375,0,1,0
737433,0,1,0
570045,0,1,0
743205,0,1,0
736720,0,1,0
716144,0,1,0
666075,0,1,0
616295,0,1,0
671615,1,1,1
585772,0,2,0
583438,0,2,0
583792,0,1,0
581491,0,2,0
581693,0,2,0
581005,0,2,0
581902,0,2,0
575088,0,2,0
582376,0,2,0
578861,0,2,0
583105,0,2,0
581771,0,2,0
582624,0,4,0
583087,0,2,0
583040,0,2,0
580814,0,3,0
580599,0,3,0
582520,0,2,0
582452,0,3,0
578620,0,3,0
581898,0,2,0
581556,0,2,0
579684,0,2,0
577797,0,3,0
575375,0,2,0
576767,0,8,0
578965,0,2,0
579956,0,2,0
577741,0,3,0
580150,0,2,0
578223,0,2,0
579826,0,3,0
576087,0,2,0
577628,0,2,0
579107,0,2,0
573297,0,2,0
574940,0,3,0
576491,0,2,0
575626,0,2,0
577842,0,2,0
576773,0,3,0
573721,0,2,0
577927,0,3,0
577607,0,2,0
577641,0,2,0
576942,0,2,0
576360,0,4,0
575656,0,2,0
575500,0,2,0
574448,0,6,0
575879,0,2,0
575868,0,2,0
689655,1,0,
219868,0,1,0
218434,0,1,0
217379,0,1,0
217395,0,1,0
66626,0,1,0
215802,0,1,0
215680,0,1,0
214959,0,1,0
213953,0,1,0
213493,0,1,0
214589,0,1,0
213026,0,1,0
212683,0,1,0
211332,0,1,0
211880,0,1,0
211886,0,1,0
211130,0,1,0
210964,0,1,0
201864,0,1,0
210239,0,1,0
211195,0,1,0
210445,0,1,0
209270,0,1,0
209292,0,1,0
208964,0,1,0
209716,0,1,0
201115,0,1,0
200873,0,1,0
201297,0,1,0
204410,0,1,0
205882,0,1,0
201703,0,1,0
205914,0,1,0
205166,0,1,0
205652,0,1,0
204262,0,1,0
205440,0,1,0
203830,0,1,0
202927,0,1,0
202960,0,1,0
203160,0,1,0
202169,0,1,0
202697,0,1,0
202900,0,1,0
202004,0,1,0
203182,0,1,0
181393,0,1,0
644195,0,1,0
644036,0,1,0
643995,0,1,0
643957,0,1,0
643896,0,1,0
643833,0,1,0
643694,0,1,0
643484,0,1,0
643478,0,1,0
643145,0,1,0
642865,0,1,0
642834,0,1,0
642790,0,1,0
642788,0,1,0
642762,0,1,0
642583,0,1,0
642570,0,1,0
642563,0,1,0
642478,0,1,0
642459,0,1,0
642300,0,1,0
628620,0,1,0
628509,0,1,0
628448,0,1,0
628381,0,1,0
628366,0,1,0
628288,0,1,0
763051,0,1,0
753029,0,1,0
760704,0,1,0
766384,0,1,0
766853,0,1,0
766659,0,1,0
766385,0,1,0
765410,0,1,0
765312,0,1,0
767963,0,1,0
766436,0,1,0
765918,0,1,0
765881,0,1,0
756651,0,1,0
762353,0,1,0
756139,0,1,0
754952,0,1,0
761821,0,1,0
761730,0,1,0
760964,0,1,0
758528,0,1,0
753636,0,1,0
752853,0,1,0
762199,0,1,0
759957,0,1,0
247379,0,1,0
759582,0,1,0
755090,0,1,0
249291,0,1,0
242639,0,1,0
752687,0,1,0
242408,0,1,0
241351,0,1,0
242720,0,1,0
243016,0,1,0
241561,0,1,0
238804,0,1,0
763976,0,1,0
240702,0,1,0
760602,0,1,0
765608,0,1,0
241636,0,1,0
239967,0,1,0
246772,0,1,0
236565,0,1,0
243567,0,1,0
243024,0,1,0
767018,0,1,0
766954,0,1,0
242119,0,1,0
235402,0,1,0
756585,0,1,0
747079,0,1,0
747072,0,1,0
243031,0,1,0
746705,0,1,0
242738,0,1,0
235071,0,1,0
242755,0,1,0
240113,0,1,0
238773,0,1,0
241347,0,1,0
238663,0,1,0
238274,0,1,0
237650,0,1,0
766615,0,1,0
236122,0,1,0
236190,0,1,0
759322,0,1,0
237437,0,1,0
236185,0,1,0
237039,0,1,0
237005,0,1,0
233972,0,1,0
225195,0,1,0
758512,0,1,0
767064,0,1,0
760486,0,1,0
759279,0,1,0
753448,0,1,0
767021,0,1,0
766746,0,1,0
766460,0,1,0
766452,0,1,0
746399,0,1,0
745939,0,1,0
745882,0,1,0
745873,0,1,0
767118,0,1,0
765033,0,1,0
762811,0,1,0
755113,0,1,0
764427,0,1,0
761999,0,1,0
753114,0,1,0
764739,1,0,
767316,1,0,
350539,1,0,
232411,0,2,0
232839,0,1,0
231337,0,1,0
218010,0,1,0
217578,0,1,0
218795,0,1,0
230018,0,1,0
216909,0,1,0
221625,0,1,0
228912,0,2,0
212893,0,1,0
226207,0,1,0
227741,0,1,0
734747,0,1,0
669876,0,1,0
483461,0,1,0
678806,0,1,0
608078,0,1,0
705067,0,1,0
646605,0,1,0
589200,0,1,0
627158,0,1,0
600321,0,1,0
613954,0,1,0
604008,0,1,0
598102,0,1,0
683830,0,1,0
676432,0,1,0
611467,0,1,0
687999,0,1,0
660030,0,1,0
517573,0,1,0
681377,0,1,0
735833,0,1,0
619286,0,1,0
722550,0,1,0
652026,0,1,0
645733,0,1,0
685192,0,1,0
475525,0,1,0
711887,0,1,0
577409,0,1,0
572620,0,1,0
663691,0,1,0
735479,0,1,0
518122,0,1,0
683156,0,1,0
732837,0,1,0
745850,0,1,0
513753,0,1,0
679720,0,1,0
709399,0,1,0
724693,0,1,0
497144,0,1,0
696255,0,1,0
735822,0,1,0
579932,0,1,0
580175,0,1,0
705782,0,1,0
666461,0,1,0
730718,0,1,0
611814,0,1,0
123078,0,2,0
749786,0,1,0
708730,0,1,0
598837,0,3,0
520249,0,2,0
574917,0,2,0
575071,0,3,0
769030,0,4,0
573121,0,1,0
573344,0,1,0
573788,0,1,0
573313,0,2,0
572665,0,1,0
571217,0,1,0
572611,0,3,0
572671,0,1,0
572088,0,1,0
572588,0,1,0
571497,0,1,0
572270,0,1,0
570697,0,1,0
572018,0,2,0
572162,0,1,0
571351,0,3,0
568969,0,1,0
571435,0,1,0
571652,0,2,0
569801,0,2,0
567043,0,1,0
571219,0,1,0
566761,0,2,0
554869,0,1,0
571228,0,1,0
570162,0,1,0
569207,0,1,0
568827,0,1,0
569905,0,2,0
570698,0,1,0
568576,0,1,0
569860,0,1,0
569368,1,6,0.16666666666666666
570211,0,1,0
566442,0,1,0
569308,0,1,0
569208,0,1,0
566698,0,1,0
567013,0,1,0
568904,0,2,0
567375,0,1,0
566490,0,1,0
566184,0,1,0
567400,0,1,0
567354,0,1,0
767933,1,0,
758224,1,1,1
719736,0,1,0
568677,0,1,0
571189,0,1,0
613727,0,1,0
723004,0,1,0
659935,0,1,0
766349,0,1,0
548421,0,1,0
643826,0,1,0
654782,0,1,0
667348,0,1,0
657855,0,1,0
624282,0,1,0
599493,0,1,0
656115,0,1,0
467139,0,1,0
603005,0,1,0
737466,0,1,0
573537,0,1,0
757249,0,1,0
654338,0,1,0
758089,0,1,0
750100,0,1,0
762262,0,1,0
686281,0,1,0
694399,0,1,0
583116,0,1,0
641340,0,1,0
765287,0,1,0
760681,0,1,0
613039,0,1,0
611980,0,1,0
748312,0,1,0
718497,0,1,0
693363,0,1,0
426494,0,1,0
743539,0,1,0
748560,0,1,0
665276,0,1,0
737247,0,1,0
430403,0,1,0
601972,0,1,0
742896,0,1,0
723977,0,1,0
651849,0,1,0
760116,0,1,0
569764,0,1,0
645341,0,1,0
610836,0,1,0
748764,0,1,0
599705,0,1,0
720747,0,1,0
754377,0,1,0
747119,0,1,0
768036,0,1,0
726935,0,1,0
734811,0,1,0
681382,0,1,0
767557,0,1,0
445812,0,1,0
740471,0,1,0
717181,1,0,
695311,1,1,1
640537,0,1,0
640161,0,1,0
639935,0,1,0
639857,0,1,0
639716,0,1,0
639705,0,1,0
639366,0,1,0
635141,0,1,0
631843,0,1,0
631128,0,1,0
631073,0,1,0
631000,0,1,0
630995,0,1,0
630784,0,1,0
630513,0,1,0
630474,0,2,0
630292,0,1,0
630277,0,1,0
630065,0,1,0
630059,0,1,0
629802,0,1,0
629711,0,1,0
629613,0,1,0
629607,0,1,0
629604,0,1,0
629323,0,1,0
629273,0,1,0
629182,0,1,0
629113,0,1,0
628939,0,1,0
628919,0,1,0
628862,0,1,0
628786,0,1,0
628735,0,1,0
628690,0,1,0
622424,0,1,0
622297,0,1,0
622096,0,1,0
622024,0,1,0
621896,0,1,0
621681,0,1,0
621661,0,1,0
621644,0,1,0
621544,0,1,0
621523,0,1,0
621437,0,1,0
621365,0,1,0
621189,0,1,0
621075,0,1,0
621007,0,1,0
620992,0,1,0
575457,0,1,0
769677,1,0,
742478,1,1,1
582351,0,1,0
581548,0,1,0
581345,0,1,0
580904,0,1,0
491788,0,1,0
488660,0,1,0
506138,0,1,0
502671,0,1,0
485128,0,1,0
477169,0,1,0
536263,0,1,0
534542,0,1,0
533351,0,1,0
533326,0,1,0
520471,0,1,0
546163,0,1,0
538854,0,1,0
259304,0,1,0
241599,0,1,0
744147,0,1,0
541623,0,1,0
753233,0,1,0
754040,0,1,0
753869,0,1,0
653040,0,1,0
719383,0,1,0
625139,0,1,0
736929,0,1,0
611472,0,2,0
611986,0,2,0
558523,0,1,0
770153,1,0,
384153,1,0,
708951,0,1,0
754328,0,2,0
765662,0,2,0
632113,0,2,0
754424,0,2,0
758482,0,2,0
764649,0,2,0
593275,0,2,0
315082,0,4,0
689415,0,2,0
737981,0,7,0
600981,0,1,0
615393,0,1,0
616501,0,1,0
597030,0,1,0
510849,0,1,0
509167,0,1,0
497664,0,1,0
488202,0,1,0
505623,0,1,0
528638,0,1,0
528726,0,1,0
540662,0,1,0
527290,0,1,0
44512,0,1,0
532881,0,1,0
520829,0,1,0
295023,0,1,0
449556,0,1,0
433338,0,1,0
438344,0,1,0
369312,0,1,0
431730,0,1,0
406484,0,1,0
406368,0,1,0
425367,0,1,0
406490,0,1,0
430785,0,1,0
714351,0,1,0
747003,0,1,0
750290,0,1,0
752150,0,1,0
647007,0,1,0
723923,0,1,0
721222,0,1,0
696904,0,1,0
694817,0,1,0
748484,0,1,0
757330,0,1,0
663309,0,1,0
740764,0,1,0
754674,0,1,0
767515,1,3,0.3333333333333333
662502,0,7,0
518148,0,3,0
368475,0,3,0
583742,0,2,0
583558,0,2,0
583207,0,2,0
583073,0,2,0
582659,0,2,0
686174,1,0,
516887,0,2,0
424035,0,2,0
439549,0,2,0
437555,0,1,0
437430,0,1,0
437189,0,1,0
435871,0,1,0
435668,0,1,0
435543,0,1,0
435486,0,1,0
435293,0,1,0
725047,0,1,0
475658,0,1,0
663598,0,1,0
694298,0,1,0
684222,0,3,0
577143,0,1,0
586449,0,1,0
655629,0,1,0
726547,0,1,0
673919,0,1,0
628401,0,1,0
707480,0,3,0
675961,0,1,0
584576,0,1,0
677877,0,1,0
706043,0,1,0
702978,0,1,0
746996,0,1,0
733740,0,1,0
737739,0,1,0
680965,0,1,0
726904,0,1,0
763952,0,1,0
746977,0,1,0
660221,0,1,0
763088,0,1,0
728592,0,1,0
724006,0,1,0
681411,0,1,0
734340,1,0,
699587,1,0,
550002,0,1,0
549998,0,1,0
549964,0,1,0
549953,0,1,0
549942,0,1,0
549695,0,1,0
549453,0,1,0
548727,0,1,0
548620,0,1,0
548533,0,1,0
547864,0,1,0
547808,0,1,0
547495,0,1,0
547295,0,1,0
547290,0,1,0
547272,0,1,0
547142,0,1,0
546937,0,1,0
546446,0,1,0
534271,0,1,0
598502,0,1,0
685327,0,1,0
743735,0,1,0
660274,0,1,0
568020,0,1,0
735987,0,1,0
734542,0,1,0
710941,0,4,0
682040,0,1,0
635995,0,1,0
690642,0,1,0
666560,0,1,0
628002,1,0,
580149,0,2,0
580030,0,2,0
594914,0,2,0
594884,0,2,0
594796,0,2,0
594783,0,2,0
594769,0,2,0
594745,0,2,0
594496,0,2,0
594489,0,2,0
613669,0,1,0
617305,0,1,0
604168,0,4,0
611085,0,4,0
603877,0,1,0
605745,0,1,0
769049,0,1,0
769651,0,1,0
742403,0,1,0
719819,0,1,0
723755,0,1,0
718898,0,1,0
708487,0,1,0
709846,0,1,0
706723,0,1,0
433871,0,1,0
433681,0,1,0
433387,0,1,0
432691,0,1,0
431960,0,1,0
430959,0,1,0
430935,0,1,0
408034,0,1,0
405065,0,2,0
403122,0,1,0
671208,0,1,0
642315,0,1,0
753472,0,1,0
692692,0,1,0
579348,0,1,0
576774,0,1,0
575923,0,1,0
594428,0,1,0
593538,0,1,0
593278,0,1,0
592300,0,1,0
591650,0,1,0
582097,0,1,0
548325,0,1,0
546721,0,1,0
466354,0,1,0
729709,0,1,0
709118,0,1,0
508656,0,1,0
675127,0,1,0
606909,0,1,0
723451,0,1,0
261874,0,1,0
706211,0,1,0
755295,0,1,0
612286,0,1,0
622781,0,2,0
622581,0,1,0
620113,0,3,0
620472,0,1,0
619899,0,1,0
619724,0,2,0
612604,0,1,0
613277,0,1,0
620463,0,1,0
622048,0,1,0
620399,0,1,0
618836,0,1,0
619682,0,2,0
618991,0,1,0
609274,0,1,0
611931,0,1,0
615942,0,1,0
573239,0,1,0
568348,0,1,0
564322,0,1,0
585950,0,1,0
525902,0,1,0
523993,0,1,0
522629,0,1,0
537060,0,1,0
536359,0,1,0
543836,0,1,0
506954,0,1,0
505057,0,1,0
504007,0,1,0
519054,0,1,0
516748,0,1,0
511202,0,1,0
496278,0,1,0
711036,0,1,0
729990,0,1,0
600556,0,1,0
599865,0,1,0
646900,0,1,0
645716,0,1,0
644169,0,1,0
641133,0,1,0
640104,0,1,0
631112,0,1,0
621717,0,1,0
618447,0,1,0
616203,0,1,0
614654,0,1,0
690525,1,0,
397855,0,1,0
397461,0,2,0
397180,0,1,0
396950,0,1,0
311366,0,1,0
400274,0,1,0
408861,0,1,0
290285,0,1,0
256469,0,1,0
329764,0,1,0
236370,0,1,0
374415,0,1,0
315962,0,1,0
710213,0,2,0
583103,0,2,0
676964,0,2,0
696080,0,2,0
672119,0,2,0
686809,0,2,0
622812,0,2,0
610961,0,2,0
609324,0,2,0
607115,0,2,0
652346,0,2,0
647516,0,2,0
531378,0,2,0
600988,0,2,0
596893,0,2,0
554796,0,2,0
754202,0,2,0
704701,0,2,0
640492,0,2,0
537335,0,2,0
536489,0,3,0
532837,0,2,0
653979,0,2,0
672233,0,2,0
582534,0,2,0
582476,0,2,0
582228,0,2,0
581989,0,2,0
581988,0,2,0
581889,0,2,0
581817,0,2,0
581672,0,2,0
581621,0,2,0
581600,0,2,0
581502,0,3,0
581355,0,2,0
581307,0,2,0
581175,0,2,0
581121,0,2,0
581044,0,2,0
580827,0,2,0
580546,0,2,0
580430,0,2,0
258205,0,1,0
303542,0,3,0
627528,0,3,0
625545,0,3,0
732975,0,3,0
531210,0,3,0
743858,0,3,0
533028,0,3,0
615647,0,2,0
617292,0,1,0
582036,0,2,0
518610,0,1,0
294988,1,2,0.5
250685,0,3,0
553755,0,1,0
553721,0,1,0
553528,0,1,0
553521,0,1,0
553174,0,1,0
552221,0,1,0
552155,0,1,0
552127,0,1,0
552078,0,1,0
552059,0,1,0
551856,0,1,0
551678,0,1,0
551448,0,1,0
551268,0,2,0
551120,0,1,0
551116,0,1,0
550882,0,1,0
550860,0,1,0
550715,0,2,0
550682,0,1,0
550530,0,1,0
552710,0,2,0
546817,0,2,0
693575,0,2,0
672291,0,3,0
727785,0,3,0
719071,0,3,0
728429,0,3,0
547900,0,3,0
678127,0,3,0
538273,0,3,0
543138,0,3,0
678102,0,3,0
719306,0,3,0
721824,0,3,0
625175,2,1,2
524446,0,1,0
508521,0,1,0
714357,0,1,0
735144,0,1,0
694262,0,1,0
579097,0,1,0
589333,0,1,0
679408,0,1,0
606003,0,1,0
745549,0,1,0
722054,0,1,0
677494,0,1,0
575061,0,1,0
392756,0,1,0
714335,0,1,0
594032,0,2,0
594007,0,2,0
593654,0,2,0
593549,0,2,0
593517,0,2,0
593494,0,3,0
593436,0,4,0
593418,0,3,0
593251,0,2,0
593129,0,2,0
592869,0,3,0
592647,0,2,0
592533,0,2,0
730500,0,3,0
564865,0,3,0
601831,0,3,0
596958,0,3,0
547081,0,3,0
597862,0,3,0
589669,0,3,0
584442,0,3,0
584971,0,3,0
585316,0,3,0
582033,0,3,0
565678,0,3,0
542496,0,3,0
539326,0,3,0
531345,1,5,0.2
530621,0,3,0
638733,0,1,0
481766,0,1,0
724261,0,1,0
758321,0,4,0
752762,0,2,0
748060,0,2,0
748204,0,2,0
745527,0,1,0
742887,0,2,0
733298,0,2,0
732606,0,2,0
702176,0,1,0
396779,0,1,0
395838,0,1,0
393877,0,1,0
393402,0,2,0
392312,0,1,0
391163,0,1,0
389555,0,1,0
389395,0,2,0
389383,0,1,0
389068,0,1,0
388615,0,2,0
387682,0,1,0
387454,0,1,0
386974,0,1,0
386598,0,1,0
384155,0,1,0
383361,0,1,0
383045,0,3,0
382077,0,1,0
381488,0,2,0
379053,0,1,0
376028,0,1,0
366497,0,1,0
365658,0,1,0
364503,0,1,0
360139,0,1,0
588279,0,1,0
588244,0,1,0
588243,0,1,0
588221,0,1,0
588170,0,1,0
587703,0,1,0
587624,0,1,0
587553,0,1,0
587543,0,3,0
587363,0,1,0
587193,0,1,0
587137,0,1,0
586991,0,1,0
586816,0,3,0
586737,0,1,0
586676,0,1,0
586668,0,1,0
586624,0,1,0
586618,0,2,0
586506,0,1,0
586461,0,1,0
586379,0,1,0
713511,0,1,0
743621,0,1,0
746620,0,1,0
645314,0,1,0
645977,0,1,0
698947,0,1,0
696268,0,1,0
717028,0,1,0
716176,0,3,0
711313,0,3,0
669015,0,2,0
696269,0,2,0
692905,0,3,0
691915,0,2,0
726678,0,2,0
682884,0,1,0
670206,0,1,0
664590,0,3,0
631305,0,5,0
588198,0,1,0
606961,0,2,0
563852,0,1,0
562227,0,2,0
549154,0,2,0
548625,0,2,0
548603,0,1,0
488352,0,2,0
433136,0,3,0
424859,0,2,0
399928,0,4,0
350148,0,2,0
764942,1,0,
562108,0,1,0
562056,0,1,0
562041,0,1,0
590478,0,1,0
590127,0,1,0
589955,0,1,0
589946,0,1,0
589835,0,1,0
589715,0,1,0
589648,0,1,0
589631,0,1,0
588990,0,1,0
588983,0,1,0
752311,0,1,0
719455,0,1,0
728632,0,1,0
696980,0,4,0
753096,0,1,0
676446,0,1,0
716476,0,1,0
681884,0,1,0
519509,0,1,0
730857,0,1,0
395217,0,1,0
395029,0,1,0
404816,0,1,0
691622,1,0,
545832,0,1,0
545484,0,1,0
568248,0,1,0
568168,0,2,0
567777,0,1,0
567558,0,3,0
699581,0,1,0
691930,0,1,0
691916,0,1,0
687844,0,1,0
686972,0,1,0
683893,0,1,0
674485,0,1,0
641740,0,1,0
589074,0,1,0
618177,0,1,0
547164,0,1,0
588762,0,1,0
575276,0,1,0
574108,0,1,0
574078,0,1,0
547011,0,1,0
519030,0,1,0
488288,0,1,0
432839,0,1,0
418995,0,1,0
390877,0,1,0
383047,0,1,0
378084,0,1,0
155947,0,1,0
747022,1,1,1
563511,0,1,0
563505,0,1,0
563235,0,1,0
562485,0,3,0
562299,0,1,0
562134,0,1,0
735030,0,3,0
316126,0,1,0
754431,0,1,0
743384,0,1,0
677653,0,1,0
722424,0,1,0
722250,0,1,0
722195,0,1,0
722034,0,1,0
721890,0,1,0
721864,0,1,0
721758,0,1,0
721710,0,1,0
721707,0,1,0
721559,0,1,0
721535,0,1,0
721413,0,1,0
721236,0,1,0
721194,0,1,0
728569,0,1,0
728566,0,1,0
728355,0,1,0
728212,0,1,0
728206,0,1,0
427289,0,2,0
498160,0,2,0
465087,0,2,0
452634,0,2,0
427460,0,2,0
424635,0,2,0
428017,0,2,0
424646,0,2,0
412081,0,2,0
383435,0,2,0
250114,0,2,0
201770,0,2,0
588657,0,1,0
588631,0,3,0
588600,0,1,0
588546,0,1,0
694460,0,1,0
593119,0,1,0
398791,0,1,0
445198,0,1,0
685786,0,1,0
687853,0,1,0
588278,0,1,0
698650,0,1,0
758980,0,1,0
717947,0,1,0
429576,0,1,0
715319,0,1,0
715666,0,1,0
412883,0,1,0
715481,0,1,0
713117,0,1,0
733462,0,1,0
755936,0,1,0
737107,0,1,0
727915,0,1,0
719116,0,1,0
735591,0,1,0
728772,0,1,0
685734,0,2,0
404136,0,1,0
736868,0,1,0
691706,0,1,0
550484,0,1,0
241211,0,1,0
367703,0,1,0
640572,0,1,0
758469,0,1,0
764017,0,1,0
751383,0,1,0
751177,0,1,0
744845,0,1,0
747338,0,1,0
762673,0,1,0
673033,0,2,0
694553,0,2,0
751046,0,3,0
370306,0,1,0
367576,0,1,0
749315,1,0,
762010,0,1,0
756209,0,1,0
764565,0,1,0
761339,0,1,0
670894,0,1,0
745156,0,1,0
745096,0,1,0
762357,0,1,0
751458,0,1,0
751314,0,1,0
764702,0,1,0
762528,0,1,0
764874,0,1,0
750977,0,1,0
750615,0,1,0
750591,0,1,0
763607,0,1,0
762043,0,1,0
762744,0,1,0
748599,0,1,0
763014,0,1,0
763201,0,1,0
758073,0,1,0
745361,0,1,0
745330,0,1,0
747737,0,1,0
746678,0,1,0
744149,0,1,0
743152,0,1,0
746851,0,1,0
733676,0,1,0
761838,0,1,0
761624,0,1,0
745064,0,1,0
762656,0,1,0
761698,0,6,0
689454,1,0,
586278,0,1,0
586132,0,1,0
586129,0,3,0
586010,0,1,0
585854,0,1,0
585781,0,1,0
585528,0,3,0
585480,0,2,0
585476,0,2,0
585223,0,1,0
585160,0,1,0
706573,0,1,0
706321,0,1,0
724583,0,1,0
724397,0,1,0
724246,0,1,0
724244,0,1,0
724022,0,1,0
723705,0,1,0
723637,0,1,0
723628,0,1,0
723498,0,1,0
723487,0,1,0
723364,0,1,0
723354,0,1,0
723327,0,1,0
723303,0,1,0
723219,0,1,0
723144,0,1,0
723106,0,1,0
723002,0,1,0
722946,0,1,0
722943,0,1,0
722896,0,1,0
722808,0,1,0
722631,0,1,0
722577,0,1,0
458529,0,1,0
458504,0,1,0
455882,0,1,0
453151,0,1,0
450625,0,1,0
416572,0,1,0
416570,0,2,0
415426,0,1,0
411767,0,2,0
411521,0,1,0
592211,1,1,1
592053,0,1,0
591813,0,1,0
591658,0,1,0
591371,0,2,0
590976,0,1,0
733348,0,1,0
682835,0,1,0
393200,0,1,0
614295,0,2,0
498859,1,0,
697592,0,1,0
700859,0,2,0
720549,0,1,0
393517,0,1,0
689677,0,1,0
485114,0,1,0
658282,0,1,0
556405,0,1,0
610150,0,2,0
631023,0,1,0
639877,0,1,0
724339,1,0,
745925,1,0,
556293,0,1,0
556236,0,1,0
676246,1,0,
480000,0,1,0
480028,0,1,0
461195,0,1,0
461989,0,1,0
469490,0,1,0
452293,0,1,0
452441,0,1,0
752750,0,2,0
649850,0,2,0
325040,0,2,0
566294,0,2,0
436953,0,1,0
441490,0,1,0
463624,0,1,0
476638,0,1,0
429275,0,1,0
477277,0,1,0
436779,0,1,0
428854,0,1,0
435416,0,1,0
438529,0,1,0
459018,0,1,0
431993,0,1,0
461366,0,1,0
446024,0,1,0
442027,0,1,0
425678,0,1,0
473831,0,1,0
471797,0,1,0
437238,0,1,0
462000,0,1,0
473145,0,1,0
437605,0,1,0
429336,0,1,0
434103,0,1,0
445096,0,1,0
476255,0,1,0
449933,0,1,0
425074,0,1,0
588467,0,1,0
620823,0,1,0
618641,0,1,0
609787,0,1,0
612764,0,1,0
701079,0,1,0
661367,0,2,0
539848,0,1,0
744615,0,1,0
722122,0,1,0
731648,0,1,0
746597,0,1,0
761165,0,1,0
751391,0,1,0
134187,0,1,0
124762,0,1,0
129933,0,1,0
122838,0,1,0
124495,0,1,0
122363,0,1,0
120690,0,1,0
118784,0,1,0
108660,0,1,0
723833,0,2,0
610988,0,2,0
655456,0,1,0
753370,0,1,0
691635,0,1,0
658683,0,1,0
723201,0,1,0
738327,0,1,0
648444,0,1,0
667128,0,1,0
381602,0,1,0
702916,0,1,0
416166,0,1,0
556284,0,1,0
493483,0,1,0
656847,0,1,0
424098,0,1,0
559604,0,1,0
48955,0,1,0
418076,0,1,0
406583,0,1,0
411435,0,1,0
414174,0,1,0
396757,0,1,0
542201,0,1,0
555075,0,1,0
479602,0,1,0
338710,0,1,0
562947,0,1,0
552126,0,1,0
553280,0,1,0
555412,0,1,0
560467,0,1,0
561276,0,1,0
546060,0,1,0
558874,0,1,0
550093,0,1,0
566056,0,1,0
574913,0,1,0
570568,0,1,0
545813,0,1,0
565576,0,1,0
572508,0,1,0
555279,0,1,0
564179,0,1,0
464987,0,1,0
401694,0,1,0
734129,1,0,
681041,0,1,0
679948,0,1,0
672287,0,1,0
672235,0,1,0
670588,0,1,0
668307,0,1,0
696456,0,1,0
677525,0,1,0
687896,0,1,0
682915,0,1,0
616974,0,1,0
612775,0,1,0
652461,0,1,0
652316,0,1,0
652306,0,1,0
645216,0,1,0
630737,0,1,0
654012,0,1,0
520428,0,1,0
730261,0,1,0
712706,0,1,0
676750,0,1,0
580630,0,2,0
445315,0,1,0
489912,0,1,0
594045,0,1,0
693561,0,1,0
692104,0,1,0
115877,0,1,0
116465,0,1,0
117102,0,1,0
116132,0,1,0
112670,0,1,0
115494,0,1,0
115789,0,1,0
115792,0,1,0
104851,0,1,0
107524,0,1,0
108752,0,1,0
114730,0,1,0
98671,0,1,0
98668,0,1,0
105453,0,1,0
111037,0,1,0
98673,0,1,0
104465,0,1,0
104731,0,1,0
104889,0,1,0
105172,0,1,0
102311,0,1,0
98835,0,1,0
95961,0,1,0
88841,0,1,0
88815,0,1,0
88867,0,1,0
74707,0,1,0
76505,0,1,0
80534,0,1,0
81188,0,1,0
85501,0,1,0
725760,0,1,0
588827,0,1,0
671423,0,1,0
603949,0,1,0
657261,0,2,0
642284,0,1,0
509244,0,1,0
578034,0,1,0
726781,0,1,0
433620,0,1,0
730877,0,1,0
589407,0,1,0
693906,0,1,0
706130,0,2,0
574166,0,1,0
683548,0,1,0
342122,0,1,0
686780,0,1,0
685911,0,2,0
397941,0,1,0
706921,0,1,0
744698,0,1,0
746874,0,1,0
607847,0,1,0
469887,0,1,0
739863,0,1,0
729987,0,1,0
732483,0,1,0
390705,0,1,0
726117,0,1,0
722022,0,1,0
381530,0,1,0
723191,0,1,0
481968,0,1,0
476128,0,1,0
476510,0,1,0
726445,0,1,0
443736,0,1,0
739892,0,1,0
421580,0,1,0
674465,0,1,0
474301,0,1,0
471205,0,1,0
759006,0,1,0
348679,0,1,0
724634,0,1,0
684707,0,1,0
767675,0,4,0
767792,0,4,0
767356,0,4,0
768461,0,6,0
766683,0,4,0
766000,0,2,0
747042,0,5,0
768552,0,5,0
764512,0,5,0
767486,0,5,0
766842,0,5,0
766210,0,6,0
765766,0,2,0
758069,0,2,0
756848,0,2,0
765842,0,2,0
765752,0,6,0
764643,0,3,0
765905,0,4,0
765770,0,7,0
760039,0,4,0
763348,0,6,0
764973,0,4,0
755325,0,4,0
763822,0,7,0
752102,0,2,0
764141,0,7,0
763990,0,6,0
765868,0,6,0
759085,0,4,0
622050,0,1,0
618988,0,2,0
617166,0,1,0
622517,0,1,0
737752,0,1,0
747010,0,1,0
628325,0,1,0
631154,0,1,0
725225,0,1,0
732120,0,1,0
660062,0,1,0
652505,0,1,0
743750,0,1,0
629242,0,1,0
624312,0,1,0
696813,0,1,0
666174,0,1,0
692599,0,1,0
736099,0,1,0
622744,0,1,0
741136,0,1,0
758831,0,1,0
693391,0,1,0
681230,0,1,0
680667,0,1,0
678572,0,1,0
673877,0,1,0
690257,0,1,0
686994,0,1,0
666663,0,1,0
622730,0,1,0
630915,0,1,0
740774,0,1,0
709687,0,1,0
753825,0,1,0
640471,0,1,0
759835,0,1,0
581886,0,1,0
615075,0,1,0
611958,0,1,0
584844,0,1,0
618398,0,1,0
598859,0,1,0
618443,0,1,0
601659,0,1,0
597452,0,1,0
588141,0,1,0
618379,0,1,0
578689,0,1,0
589968,0,1,0
507897,0,1,0
576122,0,2,0
576052,0,2,0
576010,0,2,0
575987,0,2,0
575869,0,2,0
575841,0,2,0
575667,0,2,0
575633,0,2,0
575565,0,2,0
575531,0,2,0
575255,0,2,0
575251,0,2,0
763606,0,2,0
763598,0,2,0
763591,0,2,0
761551,0,2,0
765693,0,5,0
765296,0,7,0
764945,0,3,0
762929,0,5,0
765020,0,5,0
764536,0,6,0
719878,0,1,0
410560,0,1,0
601630,0,1,0
535627,0,1,0
580333,0,1,0
580734,0,1,0
581458,0,1,0
583210,0,1,0
570886,0,1,0
576221,0,1,0
556022,0,1,0
557653,1,1,1
555020,0,1,0
541961,0,1,0
726664,1,1,1
759202,0,2,0
766530,0,2,0
758739,0,4,0
575141,0,2,0
575073,0,2,0
575014,0,3,0
574872,0,2,0
574804,0,2,0
574794,0,2,0
574707,0,2,0
574659,0,2,0
574558,0,2,0
605899,0,2,0
605696,0,2,0
605545,0,2,0
605459,0,2,0
605395,0,2,0
605146,0,2,0
604773,0,2,0
604425,0,2,0
604404,0,2,0
604300,0,2,0
604192,0,2,0
604185,0,2,0
604155,0,2,0
604064,0,2,0
603832,0,2,0
603825,0,2,0
603752,0,2,0
603720,0,2,0
603693,0,2,0
603620,0,2,0
603534,0,2,0
603484,0,2,0
727560,0,1,0
659104,0,1,0
649097,0,1,0
714996,0,1,0
738590,0,1,0
742638,0,1,0
702705,0,1,0
704623,0,1,0
705053,0,1,0
705226,0,1,0
659490,0,1,0
673146,0,1,0
723942,0,1,0
715327,0,1,0
724468,0,1,0
714074,0,1,0
714678,0,1,0
654895,0,1,0
701722,0,1,0
700065,0,1,0
729551,0,1,0
697596,0,1,0
697884,0,1,0
677739,0,1,0
731219,0,1,0
690907,0,1,0
694600,0,1,0
732660,0,1,0
674632,0,1,0
754709,0,1,0
639489,0,1,0
726147,0,1,0
623768,0,1,0
643142,0,1,0
663290,0,1,0
741346,0,1,0
759456,0,1,0
760787,0,1,0
730281,0,1,0
714536,0,1,0
736159,0,1,0
746599,0,1,0
724882,0,1,0
743480,0,1,0
757570,0,1,0
747603,0,1,0
741832,0,1,0
731105,0,1,0
761271,0,1,0
755021,0,1,0
706401,0,1,0
747434,0,1,0
752246,0,1,0
754054,0,1,0
752665,0,1,0
744502,0,1,0
765574,0,1,0
743447,0,1,0
581322,0,1,0
581133,0,1,0
580897,0,1,0
580849,0,1,0
766859,0,1,0
768597,0,1,0
770076,0,1,0
769024,0,1,0
769965,0,1,0
769743,0,1,0
768675,0,1,0
767756,0,1,0
767906,0,1,0
767362,0,1,0
768784,0,1,0
768687,0,1,0
768779,0,1,0
767678,0,1,0
375122,0,1,0
571478,0,1,0
591668,0,1,0
714544,0,1,0
700557,0,1,0
400519,0,1,0
607204,0,1,0
534177,0,1,0
711269,0,1,0
711200,0,1,0
734068,0,1,0
717394,0,1,0
728427,0,1,0
704208,0,1,0
604136,0,1,0
562716,0,1,0
589644,0,1,0
588568,0,1,0
585808,0,1,0
445320,0,1,0
346881,0,1,0
336853,0,1,0
743928,0,1,0
560856,0,1,0
712021,0,1,0
732382,0,1,0
750927,0,1,0
699268,0,1,0
594626,0,1,0
744192,0,1,0
613536,0,1,0
740319,0,1,0
737292,0,1,0
720920,0,1,0
578287,0,1,0
575002,0,1,0
740270,0,1,0
732314,0,1,0
732260,0,1,0
663948,0,1,0
677282,0,1,0
677479,0,1,0
760585,0,1,0
681829,0,3,0
673354,0,1,0
672914,0,3,0
672834,0,3,0
672458,0,1,0
672231,0,1,0
672182,0,1,0
672173,0,3,0
672061,0,3,0
671820,0,1,0
671465,0,1,0
670296,0,3,0
669740,0,3,0
669619,0,1,0
667640,0,3,0
665159,0,3,0
665144,0,3,0
665136,0,3,0
663963,0,1,0
662210,0,1,0
661912,0,3,0
661704,0,3,0
661285,0,1,0
661240,0,1,0
660486,0,1,0
720651,0,1,0
720240,0,1,0
719911,0,3,0
719513,0,3,0
719194,0,1,0
718444,0,3,0
717534,0,3,0
580694,0,1,0
580593,0,1,0
580378,0,1,0
580289,0,1,0
580281,0,1,0
580237,0,2,0
580038,0,1,0
579983,0,1,0
595071,0,1,0
594944,0,1,0
594802,0,1,0
594760,0,1,0
594603,0,1,0
594322,0,1,0
594064,0,1,0
593999,0,1,0
671741,0,1,0
640370,0,1,0
751060,0,1,0
727133,0,1,0
589108,0,1,0
589138,0,1,0
721949,0,1,0
588805,0,1,0
740481,0,1,0
736572,0,1,0
680919,0,1,0
676577,0,1,0
763735,0,1,0
706317,0,1,0
744233,0,1,0
727943,0,1,0
727926,0,1,0
727870,0,1,0
727783,0,1,0
727736,0,1,0
727659,0,1,0
727623,0,1,0
727612,0,1,0
727609,0,1,0
727512,0,1,0
727489,0,1,0
727472,0,1,0
727387,0,2,0
727333,0,2,0
727319,0,2,0
727229,0,2,0
727073,0,2,0
727031,0,2,0
726897,0,2,0
726803,0,2,0
726739,0,2,0
726628,0,2,0
726449,0,2,0
726026,0,2,0
725927,0,2,0
725678,0,2,0
725655,0,2,0
725525,0,2,0
725340,0,2,0
725297,0,2,0
725260,0,2,0
724997,0,2,0
736154,0,2,0
736151,0,2,0
735967,0,2,0
735897,0,2,0
735867,0,2,0
735791,0,2,0
735775,0,2,0
735642,0,2,0
735584,0,2,0
735070,0,2,0
734854,0,2,0
686277,0,1,0
686012,0,1,0
685420,0,1,0
684314,0,1,0
683263,0,3,0
695943,0,3,0
695928,0,3,0
694261,0,1,0
694094,0,1,0
693464,0,1,0
692678,0,1,0
692101,0,3,0
691867,0,3,0
700982,0,1,0
700794,0,3,0
700381,0,1,0
700195,0,1,0
699047,0,3,0
697948,0,1,0
329760,0,2,0
650969,0,2,0
717221,0,2,0
654340,0,2,0
650256,0,2,0
629276,0,2,0
752346,0,2,0
751373,0,2,0
605439,0,3,0
630921,0,2,0
646217,0,2,0
738266,0,2,0
664889,0,2,0
549515,0,2,0
683396,0,2,0
742993,0,2,0
244006,0,1,0
381565,0,1,0
180910,0,1,0
752370,0,2,0
624292,0,2,0
715388,1,0,
583743,0,1,0
583383,0,1,0
583169,0,1,0
583133,0,1,0
583072,0,1,0
583024,0,1,0
582849,0,1,0
582794,0,1,0
582697,0,1,0
582681,0,1,0
582621,0,1,0
582594,0,1,0
582589,0,1,0
582071,0,1,0
581982,0,1,0
581944,0,1,0
581874,0,1,0
581757,0,1,0
581704,0,1,0
581625,0,1,0
581562,0,1,0
758514,1,0,
225929,0,1,0
301573,0,1,0
98317,0,1,0
102881,0,1,0
177584,0,1,0
297859,0,1,0
309924,0,1,0
209592,0,1,0
235470,0,1,0
221421,0,1,0
108644,0,1,0
413986,0,1,0
411017,0,1,0
384708,0,1,0
390099,0,1,0
367949,0,1,0
355214,0,1,0
385902,0,1,0
392209,0,1,0
383424,0,1,0
318867,0,1,0
515662,0,1,0
461194,0,1,0
189465,0,1,0
514927,0,1,0
413363,0,1,0
419432,0,1,0
318970,0,1,0
445639,0,1,0
377031,0,1,0
192651,0,1,0
489988,0,1,0
519988,0,1,0
432973,0,1,0
299344,0,1,0
469071,0,1,0
315030,0,1,0
379836,0,1,0
481867,0,1,0
478182,0,1,0
401076,0,1,0
670330,0,1,0
683447,0,1,0
713534,0,1,0
767873,0,1,0
722621,1,1,1
727547,0,1,0
733012,1,1,1
444298,0,1,0
529517,0,1,0
765806,0,1,0
607090,0,1,0
765384,0,1,0
587262,0,1,0
749981,0,1,0
747166,0,1,0
727940,0,1,0
676605,0,1,0
754096,0,1,0
721640,0,1,0
295508,0,1,0
727256,0,1,0
726123,0,1,0
764124,0,1,0
763229,0,1,0
761640,0,1,0
762479,0,1,0
748880,0,1,0
747403,0,1,0
751478,0,1,0
764730,0,1,0
744773,0,1,0
761615,0,1,0
764258,0,1,0
763436,0,1,0
762396,0,1,0
764266,0,1,0
763726,0,1,0
764386,0,1,0
764311,0,1,0
744228,0,1,0
762064,0,1,0
762526,0,1,0
756019,0,1,0
744817,0,1,0
744586,0,1,0
700112,0,1,0
759604,0,1,0
760764,0,1,0
760658,0,1,0
756369,0,1,0
762800,0,1,0
762155,0,1,0
735027,0,1,0
743975,0,1,0
745449,0,1,0
764525,0,1,0
732735,0,1,0
763534,0,1,0
765218,0,1,0
761577,0,1,0
764444,0,1,0
763754,0,1,0
741589,0,1,0
739305,0,1,0
739024,0,1,0
759188,0,1,0
748046,0,1,0
761985,0,1,0
764356,0,1,0
745303,0,1,0
744964,0,1,0
744790,0,1,0
742132,0,1,0
765138,0,1,0
613672,0,2,0
614854,0,1,0
615342,0,1,0
615078,0,1,0
614322,0,1,0
614321,0,1,0
614342,0,1,0
614297,0,1,0
611737,0,1,0
613746,0,1,0
614364,0,1,0
614300,0,1,0
612429,0,1,0
614146,0,1,0
611830,0,1,0
614179,0,1,0
614265,0,1,0
614061,0,1,0
614029,0,1,0
614045,0,1,0
609318,0,1,0
610396,0,1,0
612626,0,1,0
609139,0,1,0
612520,0,1,0
612463,0,1,0
611485,0,1,0
610887,0,1,0
609602,0,1,0
611865,0,2,0
610434,0,2,0
610654,0,1,0
610490,0,1,0
609095,0,1,0
609047,0,1,0
608794,0,1,0
608216,0,1,0
609114,0,1,0
606965,0,1,0
607898,0,3,0
608323,0,1,0
607927,0,1,0
606908,0,1,0
606449,0,1,0
606811,0,1,0
606809,0,1,0
606330,0,2,0
606461,0,2,0
715989,1,0,
653079,1,0,
335150,1,0,
401734,1,0,
650316,1,2,0.5
734570,0,1,0
734494,0,1,0
734074,0,1,0
734025,0,1,0
733811,0,1,0
733464,0,1,0
733386,0,1,0
733321,0,1,0
733272,0,1,0
752410,0,1,0
667952,0,1,0
683469,0,2,0
695730,0,2,0
696735,0,2,0
696505,0,2,0
678072,0,2,0
674838,0,2,0
674807,0,2,0
659755,0,2,0
659746,0,2,0
659522,0,2,0
656213,0,2,0
656167,0,2,0
680817,0,2,0
679813,0,2,0
679695,0,2,0
679006,0,2,0
678919,0,2,0
678809,0,2,0
567717,0,2,0
566828,0,2,0
566575,0,2,0
566548,0,2,0
565977,0,2,0
337574,0,2,0
332458,0,2,0
359789,0,2,0
308470,0,2,0
192173,0,2,0
327113,0,2,0
316098,0,2,0
587768,0,2,0
587202,0,2,0
585607,0,2,0
584400,0,1,0
765775,0,1,0
768025,0,3,0
758126,0,1,0
766444,0,1,0
767271,0,6,0
765235,0,1,0
761259,0,5,0
762320,0,5,0
734390,1,0,
595163,0,1,0
595061,0,1,0
594725,0,1,0
594664,0,1,0
593652,0,1,0
593544,0,1,0
593210,0,1,0
592876,0,1,0
592871,0,2,0
592846,0,1,0
592758,0,1,0
551318,0,1,0
549276,0,1,0
711633,0,1,0
593982,0,1,0
593465,0,1,0
592259,0,1,0
590574,0,1,0
486579,0,1,0
471290,0,1,0
408669,0,1,0
762000,0,4,0
764845,0,2,0
765147,0,2,0
766195,0,2,0
766392,0,4,0
756640,0,5,0
764480,0,2,0
757822,0,4,0
742911,0,1,0
762976,0,4,0
761304,0,4,0
752882,0,5,0
526021,0,1,0
750969,0,1,0
552815,0,1,0
659519,0,1,0
540434,0,1,0
746038,0,1,0
753882,0,1,0
638443,0,1,0
497296,0,1,0
707497,0,1,0
571869,0,1,0
750348,0,1,0
745034,0,1,0
650408,0,1,0
500648,0,1,0
734061,0,1,0
454685,0,1,0
751717,0,1,0
761516,0,1,0
579830,0,1,0
724787,0,1,0
432112,0,1,0
671890,0,1,0
613611,0,1,0
502551,0,1,0
684802,0,1,0
720046,0,1,0
667709,0,1,0
653029,0,1,0
601526,0,1,0
495586,0,1,0
521112,0,1,0
488735,0,1,0
580211,0,1,0
506710,0,1,0
663160,0,1,0
768498,0,1,0
628775,0,1,0
567182,0,1,0
596809,0,1,0
581231,0,1,0
647662,0,1,0
683143,0,1,0
726024,0,1,0
747440,0,1,0
741894,0,1,0
760527,0,1,0
758946,0,1,0
761770,0,1,0
746051,1,0,
613544,1,0,
761857,0,4,0
761610,0,3,0
760854,0,3,0
760710,0,3,0
760903,0,3,0
734752,0,3,0
731517,0,3,0
756863,0,3,0
759419,0,3,0
758822,0,3,0
755660,0,2,0
755327,0,2,0
715467,0,2,0
750116,0,2,0
757732,0,2,0
755169,0,2,0
755875,0,2,0
755922,0,2,0
758267,0,2,0
751642,0,2,0
749888,0,2,0
750968,0,2,0
749496,0,2,0
746701,0,1,0
738402,0,1,0
743902,0,1,0
713185,0,1,0
736389,0,1,0
729260,0,1,0
742961,0,1,0
734399,0,1,0
736803,0,1,0
736813,0,1,0
729874,0,1,0
726840,0,1,0
732033,0,1,0
760651,0,1,0
761368,0,1,0
760202,0,2,0
756706,0,2,0
756661,0,2,0
762307,0,1,0
761272,0,3,0
761266,0,3,0
712148,0,1,0
712141,0,1,0
712136,0,1,0
712123,0,1,0
712112,0,1,0
712031,0,1,0
712005,0,1,0
711946,0,1,0
711695,0,1,0
711565,0,1,0
711526,0,1,0
711488,0,1,0
711469,0,1,0
711363,0,1,0
762732,0,3,0
762525,0,2,0
753399,0,2,0
759510,0,2,0
760284,0,2,0
758685,0,2,0
762110,0,1,0
759862,0,1,0
759530,0,2,0
703554,0,2,0
511519,0,1,0
501634,0,1,0
365410,0,1,0
460440,0,1,0
443962,0,1,0
461186,0,1,0
475662,0,1,0
462649,0,1,0
439779,0,1,0
462518,0,1,0
446737,0,1,0
459568,0,1,0
448710,0,1,0
444509,0,1,0
441441,0,1,0
561675,0,1,0
551522,0,1,0
575438,0,1,0
570541,0,1,0
565515,0,1,0
576738,0,2,0
556815,0,1,0
565896,0,1,0
551557,0,1,0
378384,0,1,0
366043,0,1,0
513962,0,1,0
490575,0,1,0
517838,0,1,0
504487,0,1,0
487627,0,1,0
489661,0,1,0
502941,0,1,0
518548,0,1,0
373515,0,1,0
157615,0,1,0
439167,0,1,0
472997,0,1,0
435532,0,1,0
594272,0,1,0
601990,0,1,0
592681,0,1,0
592395,0,1,0
582592,0,1,0
612672,0,1,0
601700,0,2,0
611524,0,1,0
723046,0,2,0
716748,0,2,0
596913,0,3,0
549504,0,2,0
523806,0,2,0
566032,0,2,0
527527,0,2,0
534512,0,2,0
622234,0,2,0
624790,0,2,0
627551,0,2,0
656418,0,2,0
664708,0,2,0
665322,0,2,0
673141,0,2,0
677136,0,2,0
677799,0,2,0
690001,0,2,0
693785,0,2,0
705626,0,2,0
716172,0,2,0
723022,0,2,0
726265,0,2,0
731541,0,2,0
734636,0,2,0
737080,0,2,0
738311,0,2,0
747734,0,2,0
747823,0,2,0
750693,0,2,0
688608,0,2,0
38983,0,2,0
746738,0,2,0
713548,0,2,0
643271,0,2,0
702947,0,2,0
540541,0,2,0
623978,0,2,0
645011,0,2,0
601582,0,3,0
704988,0,2,0
657439,0,2,0
731461,0,2,0
752906,0,1,0
768051,0,1,0
714830,0,1,0
720732,0,1,0
752814,0,1,0
765497,0,1,0
654403,0,1,0
755186,0,1,0
766254,0,1,0
689861,0,1,0
716543,0,1,0
752264,0,1,0
704034,0,1,0
691153,0,1,0
760976,0,1,0
758544,0,1,0
741490,0,1,0
713276,0,1,0
749864,0,1,0
764576,0,1,0
627630,0,1,0
756430,0,1,0
766679,0,1,0
701473,0,1,0
684536,0,1,0
701420,0,1,0
731339,0,1,0
758990,0,1,0
763426,0,1,0
761095,0,1,0
744850,0,1,0
766520,0,1,0
767500,0,1,0
765348,0,1,0
765810,0,1,0
763558,0,1,0
664853,0,1,0
713095,0,1,0
763609,0,1,0
658943,0,1,0
765098,0,1,0
671907,0,2,0
668160,0,2,0
665704,0,2,0
720114,0,1,0
719158,0,1,0
718909,0,1,0
718248,0,1,0
718143,0,1,0
717482,0,1,0
694232,0,1,0
677817,0,1,0
677090,0,1,0
558269,1,0,
756328,0,1,0
756285,0,1,0
749613,0,1,0
751737,0,1,0
749826,0,1,0
750145,0,1,0
746839,0,1,0
718673,0,1,0
748017,0,1,0
735345,0,1,0
715385,0,1,0
578981,0,1,0
481300,0,1,0
570368,0,1,0
715370,0,1,0
719127,0,1,0
444485,0,1,0
759434,0,1,0
716330,0,1,0
577467,0,1,0
320962,0,1,0
752780,0,1,0
342886,0,1,0
733471,0,1,0
755853,0,1,0
742432,0,1,0
421469,0,1,0
767658,0,1,0
670192,0,1,0
341417,0,1,0
739684,0,1,0
390894,0,1,0
287355,0,1,0
747758,0,1,0
746461,0,1,0
439950,0,1,0
406980,0,1,0
742360,0,1,0
614550,0,1,0
464911,0,1,0
762969,0,1,0
330169,0,1,0
746206,0,1,0
388277,0,1,0
442665,0,1,0
343611,0,1,0
761954,0,1,0
479662,0,1,0
754666,0,1,0
747307,0,1,0
763376,0,1,0
748518,0,1,0
752728,0,1,0
757435,0,1,0
767388,0,1,0
760267,0,1,0
328372,0,1,0
449031,0,1,0
305402,0,1,0
451488,0,1,0
765893,0,1,0
766546,0,1,0
456659,0,1,0
384960,0,1,0
752190,0,1,0
394760,0,1,0
389161,0,1,0
576150,0,1,0
578051,0,1,0
604311,0,1,0
579241,0,1,0
599474,0,1,0
593390,0,1,0
587195,0,1,0
586239,0,1,0
601692,0,1,0
618957,0,1,0
651242,0,1,0
576088,0,1,0
575928,0,1,0
575455,0,1,0
575378,0,1,0
575270,0,1,0
575259,0,1,0
575248,0,1,0
575053,0,1,0
604667,0,1,0
288862,0,3,0
260002,0,3,0
729511,0,3,0
731646,0,1,0
731675,0,1,0
722298,0,1,0
719571,0,1,0
711643,0,1,0
729072,0,1,0
728833,0,3,0
729082,0,3,0
729183,0,1,0
725476,0,1,0
726953,0,3,0
716835,0,1,0
722652,0,1,0
716071,0,1,0
720801,0,1,0
719540,0,3,0
715626,0,1,0
626335,1,1,1
683845,1,0,
673424,0,1,0
682455,0,1,0
754191,0,1,0
713169,0,1,0
688326,0,1,0
700979,0,1,0
750896,0,1,0
644765,0,1,0
643459,0,1,0
646986,0,1,0
601150,0,2,0
602610,0,2,0
615530,0,1,0
533091,0,1,0
612573,0,1,0
619584,0,1,0
622287,0,1,0
644658,0,1,0
660470,0,1,0
664293,0,1,0
665455,0,1,0
665633,0,1,0
667384,0,1,0
673073,0,1,0
687938,0,1,0
701822,0,1,0
707785,0,1,0
713611,0,1,0
714282,0,1,0
743939,0,1,0
744803,0,1,0
750980,0,1,0
603921,0,1,0
647494,0,1,0
653326,0,1,0
747999,0,1,0
756385,0,1,0
711295,0,1,0
723138,0,1,0
719128,0,1,0
659259,0,1,0
728447,0,1,0
747109,0,1,0
660954,0,1,0
560878,0,1,0
559788,0,1,0
553152,0,1,0
549016,0,1,0
588456,0,1,0
576840,0,1,0
445500,0,1,0
445424,0,1,0
281788,0,1,0
372897,0,1,0
363751,0,1,0
313835,0,1,0
433887,0,1,0
368739,0,1,0
280732,0,1,0
572051,0,1,0
305203,0,1,0
363941,0,1,0
337145,0,1,0
379604,0,1,0
378865,0,1,0
398853,0,1,0
612807,0,1,0
593603,0,1,0
597416,0,1,0
605220,0,1,0
592931,0,1,0
580553,0,1,0
600812,0,1,0
609281,0,1,0
593957,0,1,0
602295,0,1,0
421141,0,1,0
728194,0,1,0
416154,0,1,0
422664,0,1,0
692454,0,1,0
425073,0,1,0
422699,0,1,0
683328,0,1,0
658760,0,1,0
733480,0,1,0
715047,0,1,0
729312,0,1,0
733573,0,1,0
743026,0,1,0
602938,0,1,0
429178,0,1,0
397827,0,1,0
407451,0,1,0
653738,0,1,0
412905,0,1,0
402400,0,1,0
411622,0,1,0
435196,0,1,0
274551,0,1,0
599488,1,0,
652646,0,1,0
644292,0,1,0
647796,0,1,0
521767,0,1,0
546385,0,1,0
567805,0,1,0
567046,0,1,0
566026,0,1,0
562357,0,1,0
220569,0,1,0
728391,0,1,0
728373,0,1,0
713552,0,1,0
712862,0,1,0
735063,0,1,0
701374,0,1,0
709320,0,1,0
706374,0,1,0
722106,0,1,0
717962,0,1,0
598355,0,1,0
584014,0,1,0
612975,0,1,0
744496,0,1,0
727820,0,1,0
523942,0,1,0
712070,0,1,0
732381,0,1,0
747717,0,1,0
620250,0,1,0
660233,0,1,0
732041,0,1,0
728226,0,1,0
693238,0,1,0
706961,0,1,0
573804,0,1,0
726490,0,1,0
756788,0,1,0
613600,0,1,0
722179,0,1,0
672941,0,1,0
716364,0,1,0
721816,0,1,0
732591,0,1,0
753432,0,1,0
683383,0,1,0
737542,0,2,0
684235,0,2,0
728287,0,2,0
700961,0,2,0
551040,0,2,0
691927,0,2,0
704106,0,2,0
701983,0,2,0
527546,0,2,0
707444,0,2,0
720875,0,2,0
566285,1,2,0.5
530244,0,2,0
541598,0,2,0
623835,0,2,0
625264,0,2,0
628064,0,2,0
642550,0,2,0
655391,0,2,0
667474,0,2,0
670198,0,2,0
681367,0,2,0
682411,0,2,0
686590,0,2,0
689563,0,2,0
692884,0,2,0
698269,0,2,0
701043,0,2,0
703760,0,2,0
711293,0,2,0
713763,0,2,0
499463,0,2,0
513827,0,2,0
426244,0,2,0
630231,0,2,0
256801,0,2,0
253511,0,2,0
617959,0,2,0
560629,0,2,0
561214,0,2,0
520502,0,2,0
522640,0,2,0
566583,0,2,0
625988,0,2,0
627280,0,2,0
646255,0,2,0
651480,0,2,0
652651,0,2,0
660234,0,2,0
665733,0,2,0
689094,0,2,0
693101,0,2,0
710598,0,2,0
710691,0,2,0
485975,0,2,0
442591,0,2,0
442869,0,2,0
475434,0,2,0
411037,0,2,0
367998,0,2,0
379190,0,2,0
646619,0,1,0
681069,0,1,0
730828,0,2,0
485267,0,2,0
684109,0,2,0
684207,0,2,0
684708,0,2,0
684803,0,2,0
684831,0,2,0
682623,0,2,0
682639,0,2,0
682683,0,2,0
682727,0,2,0
613391,0,2,0
699266,0,2,0
728285,0,2,0
684703,0,2,0
685001,0,2,0
702018,0,2,0
729431,0,2,0
695746,0,2,0
720926,0,2,0
683198,0,2,0
684408,0,2,0
739241,0,2,0
667060,0,2,0
565758,0,2,0
682741,0,2,0
684694,0,2,0
684879,0,2,0
744185,0,2,0
664454,0,2,0
682779,0,2,0
720935,0,2,0
697862,0,2,0
739599,0,2,0
708657,0,2,0
461340,0,2,0
741910,0,2,0
716244,0,1,0
719646,0,1,0
707906,0,1,0
627744,0,1,0
453602,0,1,0
661569,0,1,0
749242,0,1,0
684920,0,1,0
737196,0,1,0
734777,0,1,0
707773,0,1,0
728555,0,1,0
727875,0,1,0
721537,0,1,0
713370,0,1,0
713234,0,1,0
705236,0,1,0
648211,0,1,0
629846,0,1,0
715368,0,1,0
723894,0,1,0
747456,0,1,0
737034,0,1,0
629110,0,1,0
701871,0,1,0
677668,0,1,0
731772,0,1,0
717770,0,1,0
685340,0,1,0
704243,0,1,0
671401,0,1,0
765629,0,1,0
767979,0,1,0
698448,0,1,0
592244,0,1,0
729777,0,1,0
626216,0,1,0
749795,0,1,0
717124,0,1,0
654194,0,1,0
692145,0,1,0
770021,0,1,0
670989,0,1,0
670980,0,1,0
699393,0,1,0
699250,0,1,0
654973,0,1,0
654522,0,1,0
586106,0,1,0
517251,0,1,0
527476,0,1,0
540053,0,1,0
660727,0,1,0
654321,0,1,0
639191,0,1,0
599761,0,1,0
614365,0,1,0
622204,0,1,0
537146,0,1,0
677170,0,1,0
697135,0,1,0
689768,0,1,0
670696,0,1,0
664346,0,1,0
559580,0,1,0
554927,0,1,0
346053,0,1,0
580947,0,1,0
629286,0,1,0
737882,0,1,0
731240,0,1,0
708997,0,1,0
716784,0,1,0
716524,0,1,0
764763,0,1,0
724858,0,1,0
758220,0,1,0
624573,0,1,0
650459,0,1,0
766358,0,1,0
766963,0,1,0
686550,0,1,0
686230,0,1,0
695291,0,1,0
699609,0,1,0
698782,0,1,0
653339,0,1,0
650046,0,1,0
738033,0,1,0
721297,0,1,0
741255,0,1,0
623331,0,1,0
707186,0,1,0
716066,0,1,0
761255,0,1,0
746301,0,1,0
578752,0,1,0
578581,0,1,0
578538,0,1,0
578535,0,1,0
578303,0,1,0
578216,0,1,0
578045,0,1,0
577984,0,1,0
577852,0,1,0
577840,0,1,0
577786,0,1,0
577712,0,1,0
577585,0,1,0
577553,0,1,0
577451,0,1,0
577396,0,1,0
577289,0,1,0
577209,0,1,0
577163,0,1,0
577106,0,1,0
576868,0,1,0
576858,0,1,0
576769,0,1,0
576755,0,1,0
576735,0,1,0
576532,0,1,0
576245,0,1,0
606371,0,1,0
606568,0,1,0
606061,0,1,0
605856,0,1,0
606117,0,1,0
603031,0,1,0
605414,0,1,0
581242,0,1,0
604647,0,2,0
605303,0,1,0
603576,0,1,0
602651,0,1,0
602385,0,1,0
602982,0,1,0
601852,0,1,0
601829,0,1,0
602047,0,2,0
601835,0,1,0
601824,0,1,0
602949,0,1,0
603102,0,1,0
602935,0,1,0
602704,0,1,0
599462,0,1,0
601486,0,1,0
601714,0,1,0
601209,0,1,0
600752,0,1,0
601495,0,1,0
600913,0,1,0
601366,0,1,0
595132,0,1,0
564301,0,1,0
600383,0,1,0
600678,0,1,0
600618,0,1,0
600279,0,2,0
575855,0,1,0
591765,0,1,0
550537,0,1,0
599762,0,1,0
597044,0,1,0
573189,0,2,0
553724,0,1,0
600055,0,1,0
565276,0,1,0
594672,0,1,0
520195,1,0,
565286,0,1,0
564333,0,1,0
557541,0,1,0
554937,0,1,0
471424,0,1,0
452735,0,1,0
718994,0,1,0
631789,0,1,0
664431,0,1,0
673206,0,1,0
672837,0,1,0
672192,0,1,0
672120,0,1,0
671862,0,1,0
671838,0,1,0
671763,0,1,0
671699,0,1,0
445384,0,1,0
440437,0,1,0
701730,0,1,0
732274,0,1,0
714527,0,1,0
643257,0,1,0
652596,0,1,0
652221,0,1,0
540821,0,1,0
743163,0,1,0
750623,0,1,0
649310,0,1,0
612474,0,1,0
716341,0,1,0
647223,0,1,0
648917,0,1,0
652665,0,1,0
539486,0,1,0
757817,0,1,0
713415,0,1,0
685058,0,1,0
719703,0,1,0
727860,0,1,0
655901,0,1,0
752047,0,1,0
738215,0,1,0
732322,0,1,0
732306,0,1,0
734053,0,1,0
652405,0,1,0
652280,0,1,0
642104,0,1,0
644936,0,1,0
663321,0,1,0
663218,0,1,0
529500,0,1,0
560917,0,1,0
714683,0,1,0
732269,0,1,0
429458,0,1,0
425169,0,1,0
423673,0,1,0
421234,0,1,0
420197,0,1,0
418788,0,1,0
417801,0,1,0
417338,0,1,0
416511,0,1,0
415938,0,1,0
413898,0,1,0
413243,0,1,0
410491,0,1,0
410423,0,1,0
409890,0,1,0
401932,0,1,0
400339,0,1,0
400103,0,1,0
400052,0,1,0
399070,0,1,0
396142,0,1,0
389667,0,1,0
384640,0,1,0
384040,0,1,0
383725,0,1,0
381480,0,1,0
380918,0,1,0
327604,0,1,0
327309,0,1,0
325362,0,1,0
325099,0,1,0
325082,0,1,0
325070,0,1,0
323604,0,1,0
307591,0,1,0
305767,0,1,0
288565,0,1,0
271131,0,1,0
270614,0,1,0
262480,0,1,0
259895,0,1,0
258506,0,1,0
249688,0,1,0
247458,0,1,0
231708,0,1,0
226768,0,1,0
684911,0,1,0
695586,0,1,0
464122,0,1,0
752151,0,1,0
612051,0,1,0
548972,0,1,0
534178,0,1,0
622638,0,1,0
657063,0,1,0
663268,0,1,0
670723,0,1,0
678929,0,1,0
706160,0,1,0
720260,0,1,0
722641,0,1,0
747409,0,1,0
413612,0,1,0
435823,0,1,0
439179,0,1,0
695465,0,1,0
668074,0,1,0
686435,0,1,0
617422,0,1,0
654479,0,1,0
600926,0,1,0
593511,0,1,0
587117,0,1,0
755700,0,1,0
619941,0,1,0
559723,0,1,0
534189,0,1,0
723815,1,0,
671274,0,1,0
671242,0,1,0
670909,0,1,0
670873,0,1,0
670412,0,1,0
670133,0,1,0
669269,0,1,0
669165,0,1,0
668979,0,1,0
668864,0,1,0
668763,0,1,0
668455,0,1,0
668427,0,1,0
668380,0,1,0
668374,0,1,0
668081,0,1,0
667977,0,1,0
667939,0,1,0
667649,0,1,0
667495,0,1,0
667458,0,1,0
667282,0,1,0
666777,0,1,0
665476,0,1,0
665290,0,1,0
665191,0,1,0
665005,0,1,0
664929,0,1,0
664925,0,1,0
664583,0,1,0
664474,0,1,0
664453,0,1,0
664299,0,1,0
664254,0,1,0
563564,0,1,0
